slug,tau,side,fair,ask,edge,outcome,shares,cost,fees,won,pnl
bitcoin-up-or-down-july-17-2026-5pm-et,3,down,0.9462136492823492,0.87,0.06829664928234919,filled,13.73,11.9451,0.10870041000000001,True,1.6761995900000004
bitcoin-up-or-down-july-17-2026-5pm-et,2,down,0.9756299953686116,0.87,0.09771299536861161,book_moved_no_edge,0.0,0.0,0.0,True,0.0
bitcoin-up-or-down-july-17-2026-10pm-et,6,up,0.98,0.89,0.08314699999999997,filled,27.391304347826086,25.0,0.15252999999999994,True,2.238774347826086
bitcoin-up-or-down-july-17-2026-10pm-et,5,up,0.98,0.89,0.08314699999999997,filled,27.228260869565215,25.0,0.14318499999999995,True,2.085075869565215
bitcoin-up-or-down-july-17-2026-10pm-et,4,up,0.98,0.89,0.08314699999999997,filled,27.173913043478258,25.0,0.13999999999999996,True,2.033913043478258
bitcoin-up-or-down-july-17-2026-10pm-et,3,up,0.98,0.91,0.06426699999999995,book_moved_no_edge,0.0,0.0,0.0,True,0.0
bitcoin-up-or-down-july-17-2026-10pm-et,2,up,0.98,0.92,0.054847999999999945,book_moved_no_edge,0.0,0.0,0.0,True,0.0
bitcoin-up-or-down-july-18-2026-1am-et,6,down,0.98,0.37,0.593683,filled,67.15289473684211,25.0,1.0984187900000002,True,41.05447594684212
bitcoin-up-or-down-july-18-2026-1am-et,5,down,0.98,0.37,0.593683,filled,64.1225,25.0,1.0672984,True,38.055201600000004
bitcoin-up-or-down-july-18-2026-1am-et,4,down,0.98,0.37,0.593683,filled,48.91132075471698,25.0,0.8554511,True,23.055869654716982
bitcoin-up-or-down-july-18-2026-1am-et,3,down,0.98,0.36,0.603872,filled,48.848679245283016,25.0,0.85426586,True,22.994413385283014
bitcoin-up-or-down-july-18-2026-1am-et,1,down,0.5171620519460169,0.33,0.17168505194601694,empty_book,0.0,0.0,0.0,True,0.0
bitcoin-up-or-down-july-18-2026-4am-et,6,up,0.7715594877988767,0.53,0.2241224877988767,filled,10.0,6.0,0.16793000000000002,True,3.83207
bitcoin-up-or-down-july-18-2026-4am-et,5,up,0.7917480054410185,0.65,0.12582300544101852,filled,37.46268656716418,25.0,0.58205,True,11.880636567164176
bitcoin-up-or-down-july-18-2026-4am-et,4,up,0.818904784278057,0.59,0.21197178427805705,filled,17.119999999999997,11.5704,0.26244624,True,5.287153759999998
bitcoin-up-or-down-july-18-2026-4am-et,3,up,0.8536374291653526,0.67,0.16816042916535254,book_moved_no_edge,0.0,0.0,0.0,True,0.0
bitcoin-up-or-down-july-18-2026-11am-et,2,down,0.98,0.89,0.08314699999999997,book_moved_no_edge,0.0,0.0,0.0,True,0.0
bitcoin-up-or-down-july-18-2026-11am-et,1,down,0.98,0.89,0.08314699999999997,empty_book,0.0,0.0,0.0,True,0.0
bitcoin-up-or-down-july-19-2026-3am-et,1,down,0.582830571262914,0.49,0.07533757126291404,empty_book,0.0,0.0,0.0,True,0.0
bitcoin-up-or-down-july-19-2026-4am-et,6,down,0.976700290392305,0.92,0.051548290392304956,book_moved_no_edge,0.0,0.0,0.0,True,0.0
bitcoin-up-or-down-july-19-2026-11pm-et,6,down,0.98,0.77,0.19760299999999997,book_moved_no_edge,0.0,0.0,0.0,False,0.0
bitcoin-up-or-down-july-19-2026-11pm-et,5,up,0.98,0.47,0.49256300000000003,book_moved_no_edge,0.0,0.0,0.0,True,0.0
bitcoin-up-or-down-july-22-2026-4pm-et,6,down,0.8652210141066188,0.78,0.07320901410661876,book_moved_no_edge,0.0,0.0,0.0,True,0.0
bitcoin-up-or-down-july-22-2026-4pm-et,5,down,0.8867569565807933,0.78,0.09474495658079332,book_moved_no_edge,0.0,0.0,0.0,True,0.0
bitcoin-up-or-down-july-22-2026-4pm-et,4,down,0.9118471470986507,0.85,0.05292214709865069,book_moved_no_edge,0.0,0.0,0.0,True,0.0
bitcoin-up-or-down-july-22-2026-4pm-et,3,down,0.9402610220363177,0.87,0.06234402203631768,filled,4.04,3.5148,0.03198468,True,0.4932153199999999
bitcoin-up-or-down-july-22-2026-4pm-et,2,down,0.9717325333680101,0.79,0.17011953336801008,filled,27.77777777777778,25.0,0.17500000000000002,True,2.6027777777777787
bitcoin-up-or-down-july-22-2026-4pm-et,1,down,0.98,0.9,0.07369999999999996,empty_book,0.0,0.0,0.0,True,0.0
bitcoin-up-or-down-july-23-2026-5am-et,5,up,0.92735127485928,0.85,0.06842627485928006,filled,6.46,5.491,0.05765550000000001,True,0.9113445000000003
bitcoin-up-or-down-july-23-2026-5am-et,4,up,0.9479740156308808,0.85,0.08904901563088082,filled,1.46,1.2409999999999999,0.013030500000000004,True,0.20596950000000008
bitcoin-up-or-down-july-23-2026-5am-et,3,up,0.9699558530492026,0.85,0.11103085304920264,book_moved_no_edge,0.0,0.0,0.0,True,0.0
bitcoin-up-or-down-july-23-2026-5am-et,2,up,0.98,0.89,0.08314699999999997,book_moved_no_edge,0.0,0.0,0.0,True,0.0
bitcoin-up-or-down-july-23-2026-5pm-et,6,up,0.98,0.53,0.432563,filled,6.6,3.598,0.1145242,True,2.8874758
bitcoin-up-or-down-july-23-2026-5pm-et,5,up,0.98,0.53,0.432563,filled,38.46153846153846,25.0,0.6125,True,12.84903846153846
bitcoin-up-or-down-july-23-2026-5pm-et,4,up,0.98,0.55,0.41267499999999996,filled,36.76470588235294,25.000000000000004,0.56,True,11.204705882352938
bitcoin-up-or-down-july-23-2026-5pm-et,3,up,0.98,0.68,0.2847679999999999,filled,36.24811594202898,25.0,0.5430331200000001,True,10.70508282202898
bitcoin-up-or-down-july-23-2026-5pm-et,2,up,0.98,0.68,0.2847679999999999,book_moved_no_edge,0.0,0.0,0.0,True,0.0
bitcoin-up-or-down-july-23-2026-5pm-et,1,up,0.98,0.69,0.275027,empty_book,0.0,0.0,0.0,True,0.0
bitcoin-up-or-down-july-24-2026-1am-et,6,up,0.892885592560029,0.62,0.25639359256002897,filled,10.0,3.6,0.16121000000000002,True,6.238790000000001
bitcoin-up-or-down-july-24-2026-1am-et,5,up,0.9131739227839577,0.39,0.5065209227839577,filled,10.07,4.2287,0.17163531000000004,True,5.66966469
bitcoin-up-or-down-july-24-2026-1am-et,4,up,0.9358900404627173,0.35,0.5699650404627173,filled,5.06,2.4782,0.08851122000000002,True,2.4932887799999994
bitcoin-up-or-down-july-24-2026-1am-et,3,up,0.9604966080758234,0.41,0.5335636080758234,filled,28.089887640449437,25.0,0.19249999999999998,True,2.8973876404494368
bitcoin-up-or-down-july-24-2026-1am-et,2,up,0.98,0.47,0.49256300000000003,empty_book,0.0,0.0,0.0,True,0.0
bitcoin-up-or-down-july-24-2026-1am-et,1,up,0.98,0.9,0.07369999999999996,empty_book,0.0,0.0,0.0,True,0.0
bitcoin-up-or-down-july-25-2026-5pm-et,6,up,0.98,0.92,0.054847999999999945,filled,3.32,3.0544,0.017104639999999994,True,0.24849536000000005
bitcoin-up-or-down-july-25-2026-5pm-et,5,up,0.98,0.92,0.054847999999999945,filled,3.32,3.0544,0.017104639999999994,True,0.24849536000000005
bitcoin-up-or-down-july-25-2026-5pm-et,4,up,0.98,0.92,0.054847999999999945,book_moved_no_edge,0.0,0.0,0.0,True,0.0
