date,wts,t_rel,side,px,shares,pnl_share
2025-10-16,1760594400,5,down,0.10000002384185791,150.0,0.8936999748229981
2025-10-16,1760594400,13,down,0.10000002384185791,148.33999633789062,0.8936999748229981
2025-10-16,1760594400,14,down,0.10000002384185791,146.75999450683594,0.8936999748229981
2025-10-16,1760594400,17,down,0.10000002384185791,54.90000915527344,0.8936999748229981
2025-10-20,1760956200,2,down,0.5,60.0,0.4825
2025-10-22,1761148800,2,up,0.8700000047683716,258.0,0.12208299547863007
2025-10-22,1761152400,2,down,0.9600000008940697,24.8700008392334,0.037311999163508414
2025-10-22,1761152400,3,down,0.9600000008940697,24.8700008392334,0.037311999163508414
2025-10-27,1761601500,2,up,0.9100000262260437,16.0,0.08426697527933126
2025-10-29,1761730200,16,down,0.04000002145767212,15.5600004196167,-0.042688022839546175
2025-11-03,1762200900,2,up,0.949999988079071,500.0,0.04667501116991044
2025-11-04,1762282800,2,up,0.9599999785423279,145.91000366210938,0.037312020075798064
2025-11-04,1762282800,3,up,0.9599999785423279,145.91000366210938,0.037312020075798064
2025-11-09,1762684200,2,up,0.7200000286102295,20.0,0.2658879722709656
2025-11-16,1763253900,2,down,0.7400000095367432,8.350000381469727,0.24653199078369142
2025-11-16,1763253900,11,down,0.7400000095367432,8.350000381469727,0.24653199078369142
2025-11-19,1763524800,2,down,0.5900000035762787,10.0,0.3930669964687824
2025-11-19,1763584200,2,down,0.5099999904632568,500.0,0.47250700952339175
2025-11-20,1763612100,2,down,0.8900000005960464,61.970001220703125,0.10314699943649769
2025-11-20,1763634600,2,down,0.880000002682209,30.0,0.1126079974604845
2025-11-21,1763698500,2,up,0.5099999904632568,500.0,0.47250700952339175
2025-11-21,1763711100,2,down,0.7699999958276749,20.0,0.21760300401461125
2025-11-21,1763734500,2,down,0.5900000035762787,500.0,0.3930669964687824
2025-11-21,1763745300,2,up,0.47999998927116394,75.0,0.5025280107588768
2025-11-22,1763812800,2,down,0.550000011920929,111.0,0.43267498816251754
2025-11-24,1764026100,2,up,0.4099999964237213,500.0,0.5730670036213398
2025-11-25,1764055800,3,up,0.029999999329447746,500.0,-0.032036999285325406
2025-11-26,1764145800,2,down,0.3999999761581421,90.0,0.583200024175644
2025-11-26,1764171900,2,up,0.27000001072883606,85.0,0.7162029889256954
2025-11-26,1764179100,2,up,0.9100000262260437,350.0,0.08426697527933126
2025-11-26,1764180000,2,up,0.49000000953674316,8.0,0.4925069904499054
2025-11-26,1764180900,2,up,0.5,119.0,0.4825
2025-11-27,1764283500,2,up,0.6800000071525574,25.0,0.3047679930276871
2025-11-27,1764285300,2,down,0.5099999904632568,500.0,0.47250700952339175
2025-11-28,1764369000,2,up,0.5,14.850000381469727,0.4825
2025-11-28,1764369900,2,up,0.5,340.20001220703125,0.4825
2025-11-28,1764370800,2,down,0.5099999904632568,500.0,0.47250700952339175
2025-11-28,1764371700,2,down,0.5099999904632568,500.0,0.47250700952339175
2025-11-28,1764372600,2,up,0.5299999713897705,83.0,0.4525630284900666
2025-11-29,1764457200,2,down,0.5,300.0,0.4825
2025-11-29,1764459000,2,up,0.5799999833106995,190.0,0.4029480165023804
2025-11-30,1764542700,2,up,0.5099999904632568,500.0,0.47250700952339175
2025-11-30,1764545400,2,down,0.5,500.0,0.4825
2025-12-01,1764629100,2,down,0.3199999928474426,0.8600000143051147,0.6647680073328018
2025-12-01,1764630000,2,down,0.5099999904632568,500.0,0.47250700952339175
2025-12-02,1764716400,2,down,0.5600000023841858,15.0,0.42275199763584137
2025-12-02,1764718200,2,down,0.8700000047683716,82.0,0.12208299547863007
2025-12-02,1764719100,2,down,0.5,500.0,0.4825
2025-12-03,1764801000,2,up,0.5099999904632568,500.0,0.47250700952339175
2025-12-03,1764801900,2,up,0.8500000238418579,386.3500061035156,0.14107497732639318
2025-12-03,1764802800,2,down,0.5099999904632568,500.0,0.47250700952339175
2025-12-04,1764888300,2,down,0.48000001907348633,428.0,0.5025279808731079
2025-12-04,1764890100,2,down,0.5,45.0,0.4825
2025-12-04,1764891000,2,down,0.5099999904632568,500.0,0.47250700952339175
2025-12-04,1764891900,2,down,0.4100000262260437,146.0,0.5730669734435082
2025-12-05,1764924300,2,up,0.6000000238418579,12.930000305175781,0.38319997649192816
2025-12-05,1764974700,2,down,0.3399999737739563,19.68000030517578,0.6442920268135072
2025-12-06,1765060200,2,down,0.5099999904632568,500.0,0.47250700952339175
2025-12-06,1765061100,2,down,0.550000011920929,500.0,0.43267498816251754
2025-12-06,1765062000,2,down,0.5,500.0,0.4825
2025-12-08,1765235700,2,down,0.5200000107288361,500.0,0.4625279893012047
2025-12-08,1765236600,2,down,0.48000001907348633,133.42999267578125,0.5025279808731079
2025-12-08,1765237500,2,up,0.5099999904632568,500.0,0.47250700952339175
2025-12-09,1765320300,2,down,0.5,500.0,0.4825
2025-12-09,1765321200,2,down,0.5099999904632568,500.0,0.47250700952339175
2025-12-09,1765323000,2,up,0.5099999904632568,500.0,0.47250700952339175
2025-12-10,1765407600,2,down,0.5099999904632568,500.0,0.47250700952339175
2025-12-10,1765408500,2,down,0.6800000071525574,46.869998931884766,0.3047679930276871
2025-12-10,1765409400,2,down,0.5,500.0,0.4825
2025-12-11,1765494000,2,up,0.8100000023841858,29.8700008392334,0.17922699771928788
2025-12-11,1765496700,2,down,0.5,158.60000610351562,0.4825
2025-12-12,1765580400,2,up,0.7200000286102295,100.0,0.2658879722709656
2025-12-12,1765581300,2,down,0.5999999940395355,30.0,0.38320000587701797
2025-12-13,1765665000,2,up,0.9100000262260437,20.0,0.08426697527933126
2025-12-14,1765755000,2,down,0.699999988079071,5.0,-0.7146999884128571
2025-12-14,1765755900,2,up,0.9100000262260437,26.0,0.08426697527933126
2025-12-15,1765840500,2,down,0.5300000011920929,500.0,0.4525629988129139
2025-12-16,1765922400,2,down,0.1899999976158142,11.170000076293945,0.7992270024876594
2025-12-16,1765925100,2,down,0.6899999976158142,211.44000244140625,0.29502700232076645
2025-12-16,1765926900,2,down,0.5099999904632568,500.0,0.47250700952339175
2025-12-16,1765927800,2,up,0.550000011920929,5.0,0.43267498816251754
2025-12-16,1765928700,2,up,0.5099999904632568,500.0,0.47250700952339175
2025-12-17,1765958400,2,down,0.9499999992549419,436.94000244140625,0.046675000698119404
2025-12-17,1765959300,2,down,0.5099999904632568,500.0,0.47250700952339175
2025-12-18,1766097900,2,down,0.5099999904632568,500.0,0.47250700952339175
2025-12-18,1766099700,2,down,0.5,164.74000549316406,0.4825
2025-12-18,1766101500,2,up,0.33000001311302185,471.3800048828125,0.6545229865748883
2025-12-19,1766185200,2,down,0.699999988079071,18.56999969482422,0.28530001158714297
2025-12-19,1766186100,2,up,0.49000000953674316,215.0,0.4925069904499054
2025-12-21,1766301300,3,down,0.1499999761581421,76.16999816894531,0.841075025010109
2025-12-21,1766301300,6,down,0.1499999761581421,60.0099983215332,0.841075025010109
2025-12-21,1766356200,2,up,0.49000000953674316,500.0,0.4925069904499054
2025-12-21,1766357100,2,up,0.5,500.0,0.4825
2025-12-21,1766358000,2,up,0.8399999737739563,500.0,0.15059202497768406
2025-12-21,1766359800,2,up,0.47999998927116394,10.0,0.5025280107588768
2025-12-22,1766444400,2,down,0.5,30.0,0.4825
2025-12-22,1766447100,2,up,0.5,500.0,0.4825
2025-12-23,1766528100,2,down,0.5,500.0,0.4825
2025-12-24,1766617200,2,down,0.5399999916553497,329.05999755859375,0.44261200829792025
2025-12-24,1766618100,2,down,0.7299999892711639,30.6299991607666,0.25620301038336757
2025-12-24,1766619900,2,up,0.5199999809265137,168.89999389648438,0.4625280190200806
2025-12-25,1766702700,2,down,0.49000000953674316,453.5899963378906,0.4925069904499054
2025-12-25,1766703600,2,up,0.550000011920929,319.0799865722656,0.43267498816251754
2025-12-25,1766704500,2,down,0.4700000286102295,500.0,0.5125629712696076
2025-12-25,1766705400,2,down,0.5,500.0,0.4825
2025-12-26,1766789100,2,up,0.699999988079071,106.45999908447266,0.28530001158714297
2025-12-26,1766790000,2,down,0.48000001907348633,500.0,0.5025279808731079
2025-12-26,1766790900,2,down,0.5099999904632568,327.1199951171875,0.47250700952339175
2025-12-26,1766792700,2,up,0.5400000214576721,76.27999877929688,0.44261197866249086
2025-12-27,1766797200,2,down,0.9700000006705523,28.889999389648438,0.027962999373570083
2025-12-27,1766808000,2,down,0.8400000035762787,5.0,0.15059199659395217
2025-12-27,1766809800,2,up,0.9700000286102295,500.0,0.027962973272323666
2025-12-27,1766873700,2,down,0.5300000011920929,500.0,0.4525629988129139
2025-12-27,1766879100,2,up,0.46000000834465027,500.0,0.5226119916086197
2025-12-28,1766961000,2,up,0.5,500.0,0.4825
2025-12-28,1766961900,2,up,0.49000000953674316,214.0,0.4925069904499054
2025-12-29,1767028500,2,down,0.5099999904632568,50.7599983215332,0.47250700952339175
2025-12-29,1767042000,2,up,0.6299999952316284,13.0,0.3536830046815872
2025-12-29,1767042900,2,down,0.9299999997019768,98.0,0.06544300028008222
2025-12-29,1767045600,2,down,0.5,500.0,0.4825
2025-12-30,1767123900,2,down,0.5099999904632568,5.0,0.47250700952339175
2025-12-30,1767127500,2,down,0.4599999785423279,500.0,0.5226120215778352
2025-12-30,1767129300,2,up,0.7900000214576721,43.72999954223633,0.1983869794135094
2025-12-30,1767132000,2,up,0.9599999785423279,51.310001373291016,0.037312020075798064
2025-12-30,1767138300,2,down,0.9700000006705523,500.0,0.027962999373570083
2025-12-31,1767203100,2,down,0.25999999046325684,16.0,-0.27346799014282225
2025-12-31,1767214800,2,up,0.8500000238418579,500.0,0.14107497732639318
2025-12-31,1767218400,2,up,0.49000000953674316,200.0,0.4925069904499054
2025-12-31,1767219300,2,up,0.8500000238418579,500.0,0.14107497732639318
2025-12-31,1767220200,2,down,0.9099999964237213,80.4800033569336,0.08426700337100029
2025-12-31,1767222900,2,down,0.9400000013411045,32.0,0.05605199874150753
2026-01-01,1767291300,2,down,0.49000000953674316,20.0,0.4925069904499054
2026-01-01,1767296700,2,up,0.7699999809265137,13.0,0.21760301835250856
2026-01-01,1767297600,2,down,0.5200000107288361,131.49000549316406,0.4625279893012047
2026-01-01,1767298500,2,up,0.5199999809265137,41.7400016784668,0.4625280190200806
2026-01-01,1767302100,2,down,0.5300000011920929,500.0,0.4525629988129139
2026-01-01,1767303000,2,down,0.5099999904632568,146.47999572753906,0.47250700952339175
2026-01-01,1767303900,2,up,0.47999998927116394,500.0,0.5025280107588768
2026-01-01,1767305700,2,up,0.25,28.0,0.736875
2026-01-01,1767306600,2,up,0.6899999976158142,255.80999755859375,0.29502700232076645
2026-01-01,1767308400,2,down,0.8299999982118607,91.0,0.16012300170552732
2026-01-02,1767375000,2,down,0.8400000035762787,500.0,0.15059199659395217
2026-01-02,1767380400,2,up,0.699999988079071,24.280000686645508,0.28530001158714297
2026-01-02,1767381300,2,down,0.6100000143051147,60.540000915527344,0.37334698591518406
2026-01-02,1767382200,2,up,0.8199999928474426,14.989999771118164,0.1696680068321228
2026-01-02,1767383100,2,down,0.8100000023841858,374.0,0.17922699771928788
2026-01-02,1767384000,2,up,0.20000000298023224,120.0,0.788799996894598
2026-01-02,1767385800,2,up,0.6100000143051147,5.800000190734863,0.37334698591518406
2026-01-02,1767390300,2,up,0.949999988079071,103.97000122070312,0.04667501116991044
2026-01-02,1767393000,2,up,0.7300000190734863,126.48999786376953,0.25620298154067994
2026-01-02,1767397500,2,up,0.5199999809265137,500.0,0.4625280190200806
2026-01-03,1767469500,2,down,0.6800000071525574,155.0,0.3047679930276871
2026-01-03,1767474000,2,down,0.5300000011920929,500.0,0.4525629988129139
2026-01-03,1767479400,2,up,0.27000001072883606,32.790000915527344,-0.28379701107430455
2026-01-03,1767480300,2,down,0.9200000017881393,11.989999771118164,0.07484799831700326
2026-01-04,1767550500,2,down,0.9700000006705523,500.0,0.027962999373570083
2026-01-04,1767551400,2,up,0.6899999976158142,401.67999267578125,0.29502700232076645
2026-01-04,1767556800,2,up,0.5,500.0,0.4825
2026-01-04,1767557700,2,up,0.5,500.0,0.4825
2026-01-04,1767559500,2,up,0.5,500.0,0.4825
2026-01-04,1767568500,2,up,0.8600000143051147,225.22000122070312,0.13157198641586304
2026-01-04,1767569400,2,down,0.9400000013411045,262.0,0.05605199874150753
2026-01-05,1767636000,2,down,0.9200000017881393,13.0,0.07484799831700326
2026-01-05,1767638700,2,up,0.5099999904632568,80.0,0.47250700952339175
2026-01-05,1767640500,2,up,0.36000001430511475,5.0,0.6238719854145051
2026-01-05,1767641400,2,down,0.3700000047683716,29.68000030517578,0.613682995144844
2026-01-05,1767642300,2,up,0.3700000047683716,42.45000076293945,0.613682995144844
2026-01-05,1767643200,2,up,0.4699999988079071,42.0,0.5125630011970996
2026-01-05,1767644100,2,up,0.7599999904632568,18.0,0.2272320091896057
2026-01-05,1767645900,2,down,0.8999999985098839,401.3599853515625,0.09370000140666962
2026-01-05,1767647700,2,down,0.8999999985098839,20.0,0.09370000140666962
2026-01-05,1767648600,2,up,0.8500000238418579,500.0,0.14107497732639318
2026-01-06,1767723300,2,up,0.6600000262260437,500.0,0.3242919743614197
2026-01-06,1767724200,2,down,0.75,195.6300048828125,0.236875
2026-01-06,1767725100,2,up,0.9399999976158142,400.0,0.056052002237319945
2026-01-06,1767726000,2,up,0.8700000047683716,112.0199966430664,0.12208299547863007
2026-01-06,1767726900,2,up,0.6800000071525574,292.20001220703125,0.3047679930276871
2026-01-06,1767728700,2,down,0.8100000023841858,171.07000732421875,0.17922699771928788
2026-01-06,1767733200,2,up,0.7599999904632568,500.0,0.2272320091896057
2026-01-06,1767735000,2,up,0.4099999964237213,1.090000033378601,0.5730670036213398
2026-01-06,1767736800,2,down,0.5999999940395355,170.7899932861328,0.38320000587701797
2026-01-06,1767737700,2,up,0.5099999904632568,145.25,0.47250700952339175
2026-01-06,1767738600,2,down,0.5099999904632568,6.070000171661377,0.47250700952339175
2026-01-06,1767739500,2,up,0.8899999856948853,500.0,0.10314701352405549
2026-01-06,1767741300,2,up,0.7300000190734863,123.9800033569336,0.25620298154067994
2026-01-07,1767788100,2,up,0.8799999952316284,472.0400085449219,0.11260800451469422
2026-01-07,1767788100,5,up,0.8799999952316284,27.959991455078125,0.11260800451469422
2026-01-07,1767810600,2,down,0.8100000023841858,397.0199890136719,0.17922699771928788
2026-01-07,1767812400,2,down,0.8700000047683716,18.8799991607666,0.12208299547863007
2026-01-07,1767813300,2,up,0.5799999833106995,277.17999267578125,0.4029480165023804
2026-01-07,1767816900,2,down,0.9600000008940697,214.47999572753906,0.037311999163508414
2026-01-07,1767818700,2,up,0.5699999928474426,173.22999572753906,0.4128430070824623
2026-01-07,1767822300,2,down,0.5300000011920929,178.80999755859375,0.4525629988129139
2026-01-08,1767896100,2,up,0.8600000143051147,500.0,0.13157198641586304
2026-01-08,1767897900,2,up,0.9300000071525574,500.0,0.06544299327802658
2026-01-08,1767903300,2,down,0.7800000011920929,500.0,0.20798799885463715
2026-01-08,1767904200,2,up,0.5199999809265137,500.0,0.4625280190200806
2026-01-08,1767906900,2,down,0.6800000071525574,231.0,0.3047679930276871
2026-01-08,1767908700,2,up,0.8799999952316284,5.0,0.11260800451469422
2026-01-08,1767911400,2,down,0.8599999994039536,71.12999725341797,0.1315720005660057
2026-01-08,1767912300,2,up,0.7900000214576721,103.5,0.1983869794135094
2026-01-08,1767914100,2,up,0.5099999904632568,500.0,0.47250700952339175
2026-01-08,1767915900,2,down,0.3199999928474426,500.0,0.6647680073328018
2026-01-09,1767981600,2,down,0.6699999868869781,148.74000549316406,0.3145230128009319
2026-01-09,1767983400,2,up,0.8199999928474426,353.79998779296875,0.1696680068321228
2026-01-09,1767984300,2,down,0.11000001430511475,117.75,-0.116853015086174
2026-01-09,1767987000,2,up,0.8199999928474426,5.900000095367432,0.1696680068321228
2026-01-09,1767988800,2,up,0.550000011920929,241.64999389648438,0.43267498816251754
2026-01-09,1767991500,2,up,0.7099999785423279,5.0,0.2755870208268166
2026-01-09,1767992400,2,up,0.9599999785423279,500.0,0.037312020075798064
2026-01-09,1767993300,2,up,0.9100000262260437,500.0,0.08426697527933126
2026-01-09,1767997800,2,down,0.5800000131130219,500.0,0.402947987033844
2026-01-09,1767998700,2,up,0.4699999988079071,287.6199951171875,0.5125630011970996
2026-01-10,1768069800,2,up,0.5199999809265137,500.0,0.4625280190200806
2026-01-10,1768072500,2,up,0.5,500.0,0.4825
2026-01-10,1768074300,2,down,0.6500000059604645,253.58999633789062,0.33407499416470526
2026-01-10,1768081500,2,down,0.4599999785423279,354.0299987792969,0.5226120215778352
2026-01-10,1768083300,2,up,0.5600000023841858,500.0,0.42275199763584137
2026-01-10,1768086900,2,up,0.5099999904632568,500.0,0.47250700952339175
2026-01-11,1768151700,2,down,0.9299999997019768,500.0,0.06544300028008222
2026-01-11,1768159800,2,down,0.5099999904632568,500.0,0.47250700952339175
2026-01-11,1768160700,2,down,0.5099999904632568,500.0,0.47250700952339175
2026-01-11,1768162500,2,down,0.9299999997019768,500.0,0.06544300028008222
2026-01-11,1768166100,2,down,0.9700000006705523,12.050000190734863,0.027962999373570083
2026-01-11,1768171500,2,down,0.5099999904632568,272.1199951171875,0.47250700952339175
2026-01-11,1768172400,2,up,0.5099999904632568,178.5,0.47250700952339175
2026-01-11,1768173300,2,up,0.8100000023841858,500.0,0.17922699771928788
2026-01-11,1768174200,2,up,0.8600000143051147,434.2300109863281,0.13157198641586304
2026-01-11,1768175100,2,up,0.7099999785423279,456.4200134277344,0.2755870208268166
2026-01-12,1768193100,2,down,0.3500000238418579,124.0,0.6340749756574631
2026-01-12,1768199400,2,down,0.5,414.8999938964844,0.4825
2026-01-12,1768202100,2,up,0.6700000166893005,500.0,0.3145229837079048
2026-01-12,1768204800,2,up,0.9399999976158142,395.7900085449219,0.056052002237319945
2026-01-12,1768205700,2,down,0.9299999997019768,10.8100004196167,0.06544300028008222
2026-01-12,1768207500,2,up,0.6700000166893005,500.0,0.3145229837079048
2026-01-12,1768208400,2,up,0.7300000190734863,5.0,0.25620298154067994
2026-01-12,1768209300,2,up,0.6399999856948853,500.0,-0.6561279859752654
2026-01-12,1768210200,2,up,0.7099999785423279,178.88999938964844,0.2755870208268166
2026-01-12,1768212000,2,down,0.3500000238418579,500.0,0.6340749756574631
2026-01-12,1768212900,2,down,0.5,500.0,0.4825
2026-01-12,1768213800,2,down,0.7699999958276749,79.54000091552734,0.21760300401461125
2026-01-12,1768215600,2,up,0.550000011920929,500.0,0.43267498816251754
2026-01-12,1768250700,2,up,0.44999998807907104,79.77999877929688,0.5326750120043755
2026-01-12,1768252500,2,down,0.880000002682209,99.54000091552734,0.1126079974604845
2026-01-12,1768260600,2,up,0.12999999523162842,10.0,-0.13791699498462676
2026-01-13,1768323600,2,down,0.2799999713897705,245.92999267578125,0.7058880294914246
2026-01-13,1768324500,2,up,0.4300000071525574,298.69000244140625,0.5528429927773476
2026-01-13,1768325400,2,down,0.9099999964237213,34.939998626708984,0.08426700337100029
2026-01-13,1768326300,2,down,0.5999999940395355,2.609999895095825,0.38320000587701797
2026-01-13,1768327200,2,up,0.9399999976158142,500.0,0.056052002237319945
2026-01-13,1768328100,2,down,0.25,500.0,-0.263125
2026-01-13,1768329000,2,up,0.4099999964237213,14.0,0.5730670036213398
2026-01-13,1768329900,2,up,0.25999999046325684,500.0,0.7265320098571777
2026-01-13,1768332600,2,up,0.8999999761581421,142.8300018310547,0.0937000225067139
2026-01-13,1768334400,2,up,0.8399999737739563,500.0,0.15059202497768406
2026-01-13,1768335300,2,up,0.46000000834465027,500.0,-0.4773880083913803
2026-01-13,1768336200,2,down,0.7900000065565109,500.0,0.19838699370968343
2026-01-13,1768337100,2,up,0.550000011920929,6.21999979019165,0.43267498816251754
2026-01-13,1768338000,2,down,0.5399999916553497,500.0,0.44261200829792025
2026-01-13,1768342500,2,down,0.760000005364418,500.0,0.22723199483084677
2026-01-13,1768345200,2,down,0.6200000047683716,500.0,0.36350799531173705
2026-01-13,1768346100,2,down,0.5399999916553497,500.0,0.44261200829792025
2026-01-14,1768369500,2,down,0.6299999952316284,89.0,0.3536830046815872
2026-01-14,1768374000,2,up,0.75,120.4800033569336,0.236875
2026-01-14,1768374900,2,down,0.5300000011920929,52.150001525878906,0.4525629988129139
2026-01-14,1768375800,2,up,0.9100000262260437,252.7100067138672,0.08426697527933126
2026-01-14,1768377600,2,up,0.6700000166893005,178.0,0.3145229837079048
2026-01-14,1768378500,2,down,0.5300000011920929,126.33999633789062,0.4525629988129139
2026-01-14,1768379400,2,down,0.5200000107288361,500.0,0.4625279893012047
2026-01-14,1768380300,2,down,0.8999999985098839,111.36000061035156,0.09370000140666962
2026-01-14,1768382100,2,down,0.7999999970197678,20.079999923706055,0.1888000028550625
2026-01-14,1768383000,2,down,0.9600000008940697,159.74000549316406,0.037311999163508414
2026-01-14,1768384800,2,up,0.5299999713897705,500.0,0.4525630284900666
2026-01-14,1768386600,2,up,0.8299999833106995,156.0,0.16012301591825487
2026-01-14,1768387500,2,down,0.5,123.2300033569336,0.4825
2026-01-14,1768389300,2,up,0.7400000095367432,500.0,0.24653199078369142
2026-01-15,1768435200,13,up,0.07999999821186066,271.0,0.914848001893282
2026-01-15,1768460400,2,down,0.1600000262260437,438.3399963378906,0.8305919725255967
2026-01-15,1768463100,2,up,0.4699999988079071,13.0,0.5125630011970996
2026-01-15,1768463100,4,up,0.03999999910593033,96.0,0.9573120009516478
2026-01-15,1768464000,20,down,0.8499999940395355,128.9199981689453,0.14107500566840173
2026-01-15,1768464900,2,down,0.6500000059604645,167.33999633789062,0.33407499416470526
2026-01-15,1768470300,20,down,0.5399999916553497,44.47999954223633,0.44261200829792025
2026-01-15,1768470300,21,down,0.9499999992549419,17.559999465942383,0.046675000698119404
2026-01-15,1768484700,2,up,0.5199999809265137,500.0,0.4625280190200806
2026-01-15,1768488300,2,up,0.8100000023841858,22.440000534057617,0.17922699771928788
2026-01-15,1768489200,2,up,0.30000001192092896,15.539999961853027,0.685299987745285
2026-01-15,1768490100,2,down,0.6200000047683716,8.380000114440918,0.36350799531173705
2026-01-15,1768491000,2,down,0.8299999982118607,113.79000091552734,0.16012300170552732
2026-01-15,1768491900,2,up,0.5,231.85000610351562,0.4825
2026-01-15,1768494600,2,up,0.550000011920929,198.6699981689453,0.43267498816251754
2026-01-15,1768495500,2,down,0.20999997854232788,47.22999954223633,0.7783870223288536
2026-01-15,1768496400,2,down,0.9400000013411045,500.0,0.05605199874150753
2026-01-15,1768500900,2,down,0.49000000953674316,500.0,0.4925069904499054
2026-01-15,1768501800,2,down,0.44999998807907104,500.0,0.5326750120043755
2026-01-15,1768504500,2,down,0.8900000005960464,500.0,0.10314699943649769
2026-01-15,1768509900,2,down,0.4399999976158142,125.2699966430664,0.542752002404213
2026-01-15,1768516200,2,down,0.9700000006705523,500.0,0.027962999373570083
2026-01-16,1768522500,2,up,0.28999999165534973,5.5,0.695587008589983
2026-01-16,1768526100,2,up,0.5699999928474426,191.35000610351562,0.4128430070824623
2026-01-16,1768527000,2,down,0.38999998569488525,316.8999938964844,0.5933470145254135
2026-01-16,1768527900,2,up,0.8199999928474426,5.0,0.1696680068321228
2026-01-16,1768528800,2,down,0.8700000047683716,168.25,0.12208299547863007
2026-01-16,1768529700,2,up,0.49000000953674316,137.88999938964844,0.4925069904499054
2026-01-16,1768530600,2,down,0.8100000023841858,266.5,0.17922699771928788
2026-01-16,1768531500,2,up,0.8600000143051147,131.1999969482422,0.13157198641586304
2026-01-16,1768532400,2,up,0.75,193.72000122070312,0.236875
2026-01-16,1768533300,2,down,0.7199999988079071,64.47000122070312,0.2658880011553764
2026-01-16,1768534200,2,down,0.880000002682209,10.0,0.1126079974604845
2026-01-16,1768535100,2,down,0.880000002682209,366.1499938964844,0.1126079974604845
2026-01-16,1768536000,2,up,0.8399999737739563,102.25,0.15059202497768406
2026-01-16,1768536900,2,down,0.1600000262260437,500.0,0.8305919725255967
2026-01-16,1768537800,2,down,0.8499999940395355,75.27999877929688,0.14107500566840173
2026-01-16,1768538700,2,up,0.27000001072883606,416.5199890136719,0.7162029889256954
2026-01-16,1768560300,2,down,0.7400000095367432,139.41000366210938,0.24653199078369142
2026-01-16,1768564800,2,up,0.699999988079071,148.49000549316406,0.28530001158714297
2026-01-16,1768565700,2,up,0.6700000166893005,500.0,0.3145229837079048
2026-01-16,1768566600,2,down,0.8499999940395355,370.5299987792969,0.14107500566840173
2026-01-16,1768567500,2,down,0.9600000008940697,149.69000244140625,0.037311999163508414
2026-01-16,1768568400,2,up,0.949999988079071,24.0,0.04667501116991044
2026-01-16,1768569300,2,up,0.8999999761581421,24.670000076293945,0.0937000225067139
2026-01-16,1768570200,2,down,0.8499999940395355,145.27000427246094,0.14107500566840173
2026-01-16,1768571100,2,up,0.5,194.6999969482422,0.4825
2026-01-16,1768572000,2,up,0.49000000953674316,367.2900085449219,-0.5074930095500946
2026-01-16,1768573800,2,down,0.9400000013411045,452.9599914550781,0.05605199874150753
2026-01-16,1768574700,2,down,0.23000001907348633,352.260009765625,0.757602980205536
2026-01-16,1768576500,2,down,0.9700000006705523,500.0,0.027962999373570083
2026-01-16,1768577400,2,down,0.8299999982118607,5.0,0.16012300170552732
2026-01-16,1768579200,2,up,0.9100000262260437,48.25,0.08426697527933126
2026-01-16,1768580100,2,up,0.8799999952316284,26.579999923706055,0.11260800451469422
2026-01-16,1768581000,2,up,0.5600000023841858,15.199999809265137,0.42275199763584137
2026-01-16,1768581900,2,down,0.3700000047683716,10.180000305175781,0.613682995144844
2026-01-16,1768582800,2,down,0.75,70.91000366210938,0.236875
2026-01-16,1768583700,2,down,0.8999999985098839,5.0,0.09370000140666962
2026-01-16,1768584600,2,up,0.9700000286102295,206.0,0.027962973272323666
2026-01-16,1768585500,2,up,0.4399999976158142,5.0,0.542752002404213
2026-01-16,1768591800,2,up,0.8700000047683716,47.5099983215332,0.12208299547863007
2026-01-16,1768592700,2,up,0.9200000166893005,500.0,0.07484798429203035
2026-01-16,1768594500,2,up,0.949999988079071,238.33999633789062,0.04667501116991044
2026-01-16,1768596300,2,up,0.9300000071525574,500.0,0.06544299327802658
2026-01-16,1768597200,2,down,0.9499999992549419,500.0,0.046675000698119404
2026-01-16,1768598100,2,up,0.49000000953674316,336.8699951171875,0.4925069904499054
2026-01-16,1768599000,2,up,0.2800000011920929,107.0999984741211,0.7058879987711907
2026-01-16,1768599900,2,down,0.8400000035762787,10.0,0.15059199659395217
2026-01-16,1768601700,2,down,0.1600000262260437,28.729999542236328,0.8305919725255967
2026-01-16,1768602600,2,up,0.2199999988079071,500.0,0.7679880012388229
2026-01-16,1768603500,2,up,0.8100000023841858,500.0,0.17922699771928788
2026-01-16,1768604400,2,up,0.30000001192092896,195.14999389648438,0.685299987745285
2026-01-16,1768605300,2,up,0.7699999809265137,33.47999954223633,0.21760301835250856
2026-01-17,1768608000,2,down,0.75,70.38999938964844,0.236875
2026-01-17,1768609800,2,down,0.24000000953674316,228.9199981689453,0.7472319901161194
2026-01-17,1768611600,2,down,0.9499999992549419,64.16000366210938,0.046675000698119404
2026-01-17,1768612500,2,up,0.6200000047683716,31.200000762939453,0.36350799531173705
2026-01-17,1768613400,2,down,0.9600000008940697,360.20001220703125,0.037311999163508414
2026-01-17,1768614300,2,down,0.6599999964237213,45.0,0.32429200349617004
2026-01-17,1768615200,2,down,0.7199999988079071,41.79999923706055,0.2658880011553764
2026-01-17,1768616100,2,up,0.18000000715255737,64.76000213623047,-0.19033200747299195
2026-01-17,1768618800,2,down,0.8599999994039536,58.29999923706055,0.1315720005660057
2026-01-18,1768694400,7,up,0.9100000262260437,86.93000030517578,0.08426697527933126
2026-01-18,1768721400,2,down,0.8100000023841858,210.5500030517578,0.17922699771928788
2026-01-18,1768722300,2,down,0.18000000715255737,162.27999877929688,0.809667992527008
2026-01-18,1768723200,2,up,0.7799999713897705,364.7799987792969,0.20798802748870854
2026-01-18,1768724100,2,up,0.9300000071525574,221.89999389648438,0.06544299327802658
2026-01-18,1768725900,2,up,0.9100000262260437,232.3300018310547,0.08426697527933126
2026-01-18,1768726800,2,up,0.28999999165534973,98.0,0.695587008589983
2026-01-18,1768727700,2,up,0.8100000023841858,30.0,0.17922699771928788
2026-01-18,1768729500,2,up,0.9700000286102295,8.0,0.027962973272323666
2026-01-18,1768730400,2,down,0.8900000005960464,149.0500030517578,0.10314699943649769
2026-01-18,1768731300,2,down,0.5,112.0,0.4825
2026-01-18,1768732200,2,up,0.3400000035762787,500.0,0.6442919963436127
2026-01-18,1768733100,2,up,0.5600000023841858,25.0,-0.5772480023641586
2026-01-18,1768734900,2,down,0.3999999761581421,68.0,0.583200024175644
2026-01-18,1768735800,2,up,0.9100000262260437,109.0,0.08426697527933126
2026-01-18,1768736700,2,up,0.9200000166893005,88.54000091552734,0.07484798429203035
2026-01-18,1768737600,2,down,0.8400000035762787,6.059999942779541,0.15059199659395217
2026-01-18,1768738500,2,up,0.9300000071525574,77.41999816894531,0.06544299327802658
2026-01-18,1768740300,2,down,0.8499999940395355,10.0,0.14107500566840173
2026-01-18,1768742100,2,down,0.7800000011920929,53.849998474121094,0.20798799885463715
2026-01-18,1768743000,2,up,0.7699999809265137,215.5,0.21760301835250856
2026-01-18,1768743900,2,down,0.8199999928474426,500.0,0.1696680068321228
2026-01-18,1768744800,2,up,0.800000011920929,244.72000122070312,0.18879998857975006
2026-01-18,1768745700,2,down,0.9600000008940697,500.0,0.037311999163508414
2026-01-18,1768748400,2,up,0.6700000166893005,31.0,0.3145229837079048
2026-01-18,1768749300,2,up,0.6700000166893005,119.54000091552734,0.3145229837079048
2026-01-18,1768750200,2,down,0.4700000286102295,5.0,0.5125629712696076
2026-01-18,1768751100,2,up,0.8899999856948853,17.5,0.10314701352405549
2026-01-18,1768752000,2,up,0.6499999761581421,182.94000244140625,0.33407502334117894
2026-01-18,1768752900,2,down,0.38999998569488525,497.5,0.5933470145254135
2026-01-18,1768753800,2,up,0.550000011920929,303.2699890136719,0.43267498816251754
2026-01-18,1768754700,2,down,0.550000011920929,228.82000732421875,0.43267498816251754
2026-01-18,1768755600,2,down,0.38999998569488525,82.4000015258789,0.5933470145254135
2026-01-18,1768756500,2,up,0.9399999976158142,5.5,0.056052002237319945
2026-01-18,1768758300,2,up,0.6299999952316284,500.0,0.3536830046815872
2026-01-18,1768759200,2,down,0.9200000017881393,122.5,0.07484799831700326
2026-01-18,1768760100,2,up,0.49000000953674316,56.52000045776367,0.4925069904499054
2026-01-18,1768761000,2,down,0.7900000065565109,24.5,0.19838699370968343
2026-01-18,1768762800,2,down,0.75,12.0,0.236875
2026-01-18,1768764600,2,down,0.3399999737739563,118.12000274658203,0.6442920268135072
2026-01-18,1768765500,2,down,0.8599999994039536,108.88999938964844,0.1315720005660057
2026-01-18,1768766400,2,down,0.4700000286102295,500.0,0.5125629712696076
2026-01-20,1768869900,2,down,0.8999999985098839,500.0,0.09370000140666962
2026-01-22,1769103900,2,up,0.8799999952316284,8.0,0.11260800451469422
2026-01-22,1769103900,3,up,0.8799999952316284,8.0,0.11260800451469422
2026-01-22,1769103900,9,up,0.8799999952316284,8.0,0.11260800451469422
2026-01-22,1769103900,21,up,0.8799999952316284,8.0,0.11260800451469422
2026-01-27,1769532300,2,down,0.48000001907348633,47.72999954223633,0.5025279808731079
2026-01-27,1769532300,6,down,0.48000001907348633,47.72999954223633,0.5025279808731079
2026-01-27,1769532300,17,down,0.48000001907348633,77.7300033569336,0.5025279808731079
2026-01-27,1769532300,21,down,0.48000001907348633,73.55000305175781,0.5025279808731079
2026-01-27,1769532300,26,down,0.48000001907348633,47.72999954223633,0.5025279808731079
2026-02-04,1770209100,2,up,0.5,94.48999786376953,-0.5175
2026-02-04,1770209100,3,up,0.800000011920929,405.51000213623047,-0.8112000114202499
2026-02-07,1770493500,2,up,0.949999988079071,323.7300109863281,0.04667501116991044
2026-02-08,1770525000,2,down,0.5999999940395355,500.0,-0.616799994122982
2026-02-11,1770853500,2,up,0.9399999976158142,89.16000366210938,0.056052002237319945
2026-02-13,1770996600,2,down,0.5200000107288361,153.22000122070312,0.4625279893012047
2026-02-13,1770996600,3,down,0.5200000107288361,133.22000122070312,0.4625279893012047
2026-02-13,1770996600,9,down,0.6100000143051147,21.6299991607666,0.37334698591518406
2026-02-13,1770996600,10,down,0.6599999964237213,8.510000228881836,0.32429200349617004
2026-02-13,1770996600,11,down,0.5699999928474426,5.0,0.4128430070824623
2026-02-13,1770996600,12,down,0.699999988079071,178.4199981689453,0.28530001158714297
2026-02-14,1771098300,2,up,0.5400000214576721,76.63999938964844,0.44261197866249086
2026-02-14,1771112700,2,up,0.8899999856948853,153.83999633789062,-0.8968529864759445
2026-02-18,1771458300,2,down,0.8400000035762787,3.009999990463257,0.15059199659395217
2026-02-23,1771808400,2,down,0.5600000023841858,216.75999450683594,0.42275199763584137
2026-03-01,1772401500,3,down,0.06999999284744263,500.0,-0.07455699241685868
2026-03-05,1772668800,2,up,0.3400000035762787,42.540000915527344,0.6442919963436127
2026-03-05,1772668800,3,up,0.46000000834465027,457.45999908447266,0.5226119916086197
2026-03-06,1772757000,2,down,0.5399999916553497,62.84000015258789,0.44261200829792025
2026-03-06,1772757000,3,down,0.20999997854232788,4.400000095367432,0.7783870223288536
2026-03-07,1772922600,3,down,0.9400000013411045,500.0,0.05605199874150753
2026-03-13,1773401400,2,down,0.8599999994039536,136.32000732421875,0.1315720005660057
2026-03-17,1773783900,2,down,0.9200000017881393,17.0,0.07484799831700326
2026-03-17,1773783900,3,down,0.9200000017881393,17.0,0.07484799831700326
2026-03-20,1773966600,2,up,0.5,141.0,0.4825
2026-03-20,1773969300,2,down,0.9700000006705523,341.0,0.027962999373570083
2026-03-20,1773989100,2,up,0.8700000047683716,21.350000381469727,0.12208299547863007
2026-03-20,1773989100,3,up,0.8700000047683716,21.350000381469727,0.12208299547863007
