date,wts,t_rel,side,px,shares,fair,pnl_share
2025-10-11,1760182200,-6,down,0.7,14.285714,1.0,0.28530002
2025-10-12,1760233500,-6,down,0.89,11.235955,0.9552477486851623,0.103147015
2025-10-13,1760390100,-6,up,0.75,11.0,0.9138046597063438,0.236875
2025-10-14,1760420700,-3,up,0.5,20.0,0.9858120715931896,-0.5175
2025-10-14,1760425200,-6,up,0.66,15.151515,0.746357622369376,-0.67570806
2025-10-14,1760433300,-6,up,0.64,15.625,0.7922391440917277,-0.656128
2025-10-14,1760437800,-6,up,0.47,20.0,0.5533505245756012,-0.487437
2025-10-14,1760442300,-6,down,0.56,5.0,0.7468562878549571,0.422752
2025-10-14,1760444100,-6,up,0.38,25.0,0.8696630411564779,-0.396492
2025-10-14,1760462100,-4,up,0.68,14.705882,0.9723673594682801,0.304768
2025-10-14,1760467500,-3,up,0.66,15.151515,0.8551056646244309,0.32429197
2025-10-15,1760499900,-5,down,0.68,14.705882,0.8363993333403591,-0.69523203
2025-10-15,1760500800,-5,down,0.75,13.333333,0.9074768237685481,0.236875
2025-10-15,1760518800,-6,up,0.78,12.820514,0.9554696045980174,0.20798802
2025-10-15,1760526000,-6,up,0.87,11.494253,0.9718137390270845,0.12208299
2025-10-16,1760594400,-6,up,0.76,13.157895,0.8358706075238377,-0.772768
2025-10-16,1760618700,-4,down,0.51,19.0,0.5966177618470428,-0.527493
2025-10-16,1760649300,-6,down,0.85,1.84,0.9923579624231951,0.14107499
2025-10-17,1760730300,-4,down,0.32999998,18.48,0.8376041668346932,0.654523
2025-10-17,1760733900,-4,up,0.93,10.752688,0.999997586805785,0.065442994
2025-10-19,1760877000,-6,up,0.64,15.625,0.9108269476844622,0.343872
2025-10-19,1760890500,-6,up,0.71,14.084508,0.8995141974130334,0.27558702
2025-10-20,1760956200,-6,down,0.5,20.0,1.0,0.4825
2025-10-20,1760989500,-6,down,0.78,12.820514,0.8905021098464518,0.20798802
2025-10-20,1760993100,-6,down,0.86,11.627907,0.9999837001698018,-0.868428
2025-10-20,1760998500,-3,up,0.88,5.0,0.9513031647084818,0.112608
2025-10-21,1761038100,-6,up,0.89,11.0,0.9794227116803863,-0.89685297
2025-10-22,1761127200,-6,down,0.73,5.0,0.8034225720351864,0.256203
2025-10-22,1761152400,-6,down,0.90999997,4.56,0.9997682157226591,0.084267035
2025-10-23,1761216300,-6,down,0.92,10.869565,0.9976197976063271,0.07484798
2025-10-23,1761263100,-6,up,0.85,0.78,0.9355031674089599,0.14107499
2025-10-24,1761295500,-4,down,0.37,13.47,0.4886656475738034,0.613683
2025-10-25,1761359400,-6,down,0.86,11.627907,1.0,0.131572
2025-10-25,1761374700,-6,down,0.37,27.027027,1.0,-0.386317
2025-10-27,1761549300,-6,down,0.78,12.820514,0.9008725994111008,0.20798802
2025-10-27,1761570900,-4,down,0.32999998,30.303032,0.404989641324597,-0.34547698
2025-10-27,1761579900,-4,down,0.39999998,25.000002,0.9959588514318155,0.58320004
2025-10-28,1761624000,-6,up,0.77,0.7,0.9982147413262082,0.21760301
2025-10-28,1761669000,-6,down,0.69,6.0,0.7619132211288062,-0.704973
2025-10-29,1761719400,-6,down,0.85,7.0,0.995018043480416,0.14107499
2025-10-29,1761730200,-6,down,0.53,1.84,0.7978022280607757,-0.54743695
2025-10-29,1761741900,-6,down,0.79,12.658228,0.999262721415389,0.19838698
2025-10-29,1761757200,-6,up,0.45,22.222223,0.7390640978894785,0.532675
2025-10-30,1761792300,-6,up,0.64,5.0,0.9291666420039759,0.343872
2025-10-30,1761794100,-6,down,0.89,8.0,0.9989480161117389,-0.89685297
2025-10-30,1761804900,-2,up,0.42,23.809525,0.541320602424399,-0.43705198
2025-10-30,1761815700,-6,up,0.58,17.24138,0.8578169105799625,-0.597052
2025-10-30,1761823800,-6,up,0.92,10.869565,0.9997163063294185,0.07484798
2025-10-31,1761891300,-6,up,0.57,16.0,0.9951574801140812,0.41284302
2025-10-31,1761899400,-6,down,0.87,5.0,0.993055559180831,0.12208299
2025-10-31,1761912900,-6,down,0.36,27.777777,0.4816954078856662,-0.37612802
2025-10-31,1761924600,-3,up,0.32,31.25,0.42983297217086713,-0.335232
2025-10-31,1761946200,-6,up,0.88,11.363636,0.9690776191379523,0.112608
2025-11-02,1762074900,-6,down,0.72,13.888888,0.9520524813646972,-0.734112
2025-11-03,1762146900,-6,up,0.84,8.0,0.9983004834811348,-0.849408
2025-11-03,1762148700,-2,up,0.82,5.0,0.8837199926183286,0.169668
2025-11-03,1762155900,-3,up,0.53,8.0,0.6969235948680264,-0.54743695
2025-11-03,1762158600,-5,up,0.57,8.0,0.7154676140576824,-0.587157
2025-11-03,1762200900,-6,up,0.92,10.869565,0.9799659674264021,0.07484798
2025-11-04,1762248600,-3,down,0.59000003,16.0,0.989600966863513,-0.60693306
2025-11-04,1762256700,-6,up,0.32,16.0,0.9251573673387158,-0.335232
2025-11-04,1762264800,-3,up,0.89,8.0,0.9958317073213879,-0.89685297
2025-11-04,1762282800,-6,up,0.89,10.0,0.9712786224199835,0.103147015
2025-11-04,1762287300,-5,up,0.72,13.888888,0.8030798160695192,0.26588798
2025-11-04,1762298100,-6,down,0.94,10.638298,0.999805793611274,0.056052003
2025-11-05,1762310700,-6,down,0.81,12.345679,0.9868380736752983,0.179227
2025-11-05,1762324200,-5,down,0.94,10.0,0.998099599776194,0.056052003
2025-11-05,1762375500,-6,up,0.33,5.0,0.4100047686142091,-0.345477
2025-11-06,1762400700,-5,down,0.90999997,10.989012,0.9840862095514243,0.084267035
2025-11-06,1762406100,-6,up,0.64,15.625,0.9321422512292034,-0.656128
2025-11-06,1762470000,-6,up,0.52,5.0,0.983085638806948,-0.537472
2025-11-07,1762541100,-5,down,0.71000004,5.0,0.7914961665497289,0.27558696
2025-11-08,1762628400,-6,down,0.9,11.111112,0.9972819698774785,0.09370002
2025-11-09,1762684200,-6,up,0.7,2.14,0.9985045059303337,0.28530002
2025-11-10,1762759800,-6,down,0.51,19.607843,0.998511003003471,-0.527493
2025-11-10,1762765200,-6,down,0.93,4.62,0.9997148371525696,0.065442994
2025-11-10,1762778700,-6,up,0.73,5.0,0.922696360314039,0.256203
2025-11-10,1762803900,-6,down,0.53999996,18.51852,0.6505336336938647,-0.55738795
2025-11-11,1762859700,-6,down,0.9,11.111112,0.9865054594836339,0.09370002
2025-11-11,1762867800,-5,up,0.45,5.0,0.5890382440609319,0.532675
2025-11-13,1763020800,-5,down,0.9,11.111112,0.9599638243989816,0.09370002
2025-11-13,1763028000,-5,down,0.94,10.638298,0.9999962987075672,0.056052003
2025-11-13,1763030700,-6,up,0.88,11.363636,0.9413081703828219,0.112608
2025-11-13,1763040600,-6,up,0.32,8.0,0.7527338497869396,-0.335232
2025-11-14,1763118000,-6,up,0.77,12.987013,0.9772651505116954,0.21760301
2025-11-14,1763135100,-6,up,0.64,15.0,0.9800022374161524,0.343872
2025-11-14,1763139600,-3,down,0.92,10.869565,0.9936542000448326,0.07484798
2025-11-15,1763175600,-5,up,0.84,2.35,0.9995425683960973,0.15059203
2025-11-15,1763205300,-6,down,0.65999997,12.0,0.9956162828065264,0.32429203
2025-11-16,1763253900,-6,down,0.74,8.35,0.9998018886785001,0.246532
2025-11-16,1763296200,-6,down,0.31,32.258064,0.4463912038926291,-0.32497302
2025-11-16,1763298000,-6,up,0.91,10.989011,0.9960934522357368,0.084266976
2025-11-17,1763337600,-5,up,0.34,29.411764,0.6171280895911672,-0.355708
2025-11-17,1763347500,-5,up,0.72,5.0,0.8670919680991611,0.26588798
2025-11-17,1763358300,-5,up,0.32,31.25,0.5571584881758678,-0.335232
2025-11-18,1763424000,-6,down,0.41000003,8.0,0.8170908027128676,-0.42693302
2025-11-18,1763507700,-5,down,0.39,5.0,0.9999997460313552,-0.406653
2025-11-19,1763519400,-6,up,0.65,15.384616,0.990766300257458,0.33407503
2025-11-19,1763524800,-6,down,0.59000003,10.0,0.999999999999798,0.39306697
2025-11-19,1763546400,-2,up,0.86,5.0,0.9449684523671287,0.131572
2025-11-19,1763548200,-6,down,0.64,3.0,0.7835385726808421,0.343872
2025-11-19,1763551800,-6,up,0.78,2.43,0.9998340010730788,0.20798802
2025-11-19,1763584200,-6,down,0.51,19.607843,1.0,0.472507
2025-11-20,1763597700,-6,up,0.51,19.607843,1.0,0.472507
2025-11-20,1763601300,-6,up,0.73,13.698629,0.7947154300188652,0.256203
2025-11-20,1763612100,-6,down,0.89,11.235955,1.0,0.103147015
2025-11-20,1763634600,-6,down,0.88,11.363636,1.0,0.112608
2025-11-20,1763655300,-6,down,0.35000002,28.571426,0.690226678785495,-0.365925
2025-11-21,1763684100,-6,up,0.67,14.925373,0.8442892208357087,0.31452298
2025-11-21,1763698500,-6,up,0.51,19.607843,1.0,0.472507
2025-11-21,1763702100,-6,up,0.63,15.873016,0.9997227053101911,-0.646317
2025-11-21,1763711100,-6,down,0.77,12.987013,0.9999999999955574,0.21760301
2025-11-21,1763734500,-6,down,0.59000003,16.949152,0.999999999998646,0.39306697
2025-11-21,1763736300,-6,down,0.56,5.73,0.7856805913417573,0.422752
2025-11-21,1763740800,-4,down,0.6,16.666666,0.7752081956285588,-0.6168
2025-11-21,1763745300,-6,up,0.48,20.833334,0.9885253318989898,0.50252795
2025-11-21,1763746200,-6,down,0.8,12.5,0.9907786625038756,0.18879999
2025-11-21,1763751600,-6,up,0.37,5.0,0.46169398234563896,-0.386317
2025-11-21,1763755200,-5,up,0.59,16.0,0.88936907902941,0.39306703
2025-11-21,1763766900,-6,up,0.51,19.607843,1.0,0.472507
2025-11-22,1763773200,-2,down,0.36,27.777777,0.5176213025348847,-0.37612802
2025-11-22,1763793900,-4,down,0.43,17.0,0.5173337351319649,-0.447157
2025-11-22,1763797500,-6,up,0.53,7.26,0.8125553609626506,-0.54743695
2025-11-22,1763812800,-6,down,0.55,18.181818,1.0,0.432675
2025-11-22,1763818200,-6,up,0.91,10.989011,0.990650694227281,0.084266976
2025-11-22,1763833500,-4,up,0.55,10.0,0.8026014745867112,0.432675
2025-11-22,1763842500,-6,up,0.45,12.0,0.6999557746087581,-0.467325
2025-11-23,1763873100,-4,down,0.9,11.111112,0.9579305440646366,0.09370002
2025-11-23,1763885700,-3,up,0.33,30.30303,0.5310791151615967,-0.345477
2025-11-24,1763955900,-6,up,0.49,20.408163,0.5605056819807936,-0.507493
2025-11-24,1763968500,-6,up,0.91,10.989011,0.9912626398664235,0.084266976
2025-11-24,1764020700,-6,up,0.31,30.5,0.460199649387208,-0.32497302
2025-11-24,1764026100,-6,up,0.41,24.390244,1.0,0.573067
2025-11-25,1764055800,-6,up,0.41,24.390244,0.6864652410376686,-0.426933
2025-11-25,1764070200,-6,up,0.71,14.084508,0.7990396141425321,0.27558702
2025-11-25,1764073800,-6,up,0.84,11.904762,0.9087279532262361,0.15059203
2025-11-25,1764094500,-5,up,0.93,10.752688,0.9872951789071379,0.065442994
2025-11-26,1764141300,-6,down,0.88,10.0,0.9999995432840824,0.112608
2025-11-26,1764145800,-6,down,0.39999998,25.000002,0.999999999999903,0.58320004
2025-11-26,1764166500,-6,down,0.49,10.0,0.732686871510809,-0.507493
2025-11-26,1764174600,-5,up,0.6,16.666666,0.9999999999987513,0.3832
2025-11-26,1764179100,-6,up,0.91,10.989011,1.0,0.084266976
2025-11-26,1764180000,-6,up,0.49,8.0,1.0,0.49250698
2025-11-26,1764180900,-6,up,0.5,20.0,1.0,0.4825
2025-11-27,1764267300,-5,up,0.42,10.0,0.5048730805822141,-0.43705198
2025-11-27,1764283500,-6,up,0.68,14.705882,0.9999999989864148,0.304768
2025-11-27,1764285300,-6,down,0.51,19.607843,1.0,0.472507
2025-11-28,1764320400,-6,down,0.68,14.705882,0.9999705249943063,0.304768
2025-11-28,1764329400,-6,up,0.38,26.31579,0.8942595346845967,-0.396492
2025-11-28,1764349200,-6,down,0.53,18.867926,0.9869082340377727,0.45256302
2025-11-28,1764369000,-6,up,0.5,14.85,1.0,0.4825
2025-11-28,1764369900,-6,up,0.5,20.0,0.9999999999890863,0.4825
2025-11-28,1764370800,-6,down,0.51,19.607843,0.9229282233676515,0.472507
2025-11-28,1764371700,-6,down,0.51,19.607843,1.0,0.472507
2025-11-28,1764372600,-6,up,0.53,18.867926,0.9998827092375389,0.45256302
2025-11-29,1764382500,-2,down,0.93,10.752688,0.9850214204943308,0.065442994
2025-11-29,1764405900,-6,down,0.31,12.5,0.39770923385800394,-0.32497302
2025-11-29,1764420300,-6,down,0.73,13.698629,0.9996176390607355,0.256203
2025-11-29,1764421200,-5,up,0.31,32.258064,0.559695134421398,0.675027
2025-11-29,1764426600,-6,up,0.35,28.571428,0.46031391539388244,0.634075
2025-11-29,1764430200,-6,down,0.87,11.494253,0.9999668629009418,0.12208299
2025-11-29,1764436500,-6,up,0.6,16.666666,0.9484412483642397,0.3832
2025-11-29,1764457200,-6,down,0.5,20.0,1.0,0.4825
2025-11-29,1764459000,-6,up,0.58,17.24138,0.9999999999769775,0.40294802
2025-11-30,1764466200,-6,up,0.87,11.494253,0.9834332844372256,0.12208299
2025-11-30,1764517500,-6,up,0.94,10.638298,0.9999999999999999,0.056052003
2025-11-30,1764524700,-6,up,0.45,22.222223,0.9999787541079155,-0.467325
2025-11-30,1764527400,-6,down,0.42000002,10.0,0.8192525527750201,-0.437052
2025-11-30,1764529200,-6,down,0.88,11.363636,0.98859328818013,0.112608
2025-11-30,1764538200,-6,down,0.66999996,14.925374,0.9649158657747424,0.31452304
2025-11-30,1764542700,-6,up,0.51,19.607843,1.0,0.472507
2025-11-30,1764545400,-6,up,0.51,19.607843,0.6713397634685541,-0.527493
2025-12-01,1764558900,-6,down,0.86,11.627907,0.9754441534069372,0.131572
2025-12-01,1764587700,-5,up,0.34,20.0,0.6781619820104678,-0.355708
2025-12-01,1764600300,-6,up,0.48,20.833334,0.8954195811188299,0.50252795
2025-12-01,1764617400,-6,up,0.51,10.0,0.7858706005665062,0.472507
2025-12-01,1764621900,-5,down,0.6,16.666666,0.7340383436840141,-0.6168
2025-12-01,1764625500,-2,up,0.6,16.666666,0.8969912317207676,0.3832
2025-12-01,1764629100,-6,down,0.32,0.86,1.0,0.664768
2025-12-01,1764630000,-6,down,0.51,19.607843,1.0,0.472507
2025-12-02,1764635400,-6,down,0.38,20.0,0.9685754543003701,-0.396492
2025-12-02,1764661500,-6,up,0.6,5.0,0.8141746810809414,0.3832
2025-12-02,1764665100,-6,down,0.93,10.752688,0.9885399063712978,-0.934557
2025-12-02,1764677700,-6,up,0.9,10.0,0.9737971445817863,0.09370002
2025-12-02,1764701100,-6,up,0.63,15.873016,0.9976019671575969,0.353683
2025-12-02,1764716400,-6,down,0.56,15.0,1.0,0.422752
2025-12-02,1764718200,-6,down,0.87,11.494253,1.0,0.12208299
2025-12-02,1764719100,-6,down,0.5,20.0,1.0,0.4825
2025-12-03,1764748800,-3,down,0.9,11.111112,0.9906595578886791,0.09370002
2025-12-03,1764758700,-6,down,0.61,16.393442,0.864452545284556,0.37334698
2025-12-03,1764766800,-6,down,0.37,27.027027,0.4849233324105603,-0.386317
2025-12-03,1764801000,-6,up,0.51,19.607843,1.0,0.472507
2025-12-03,1764801900,-6,up,0.85,11.764706,1.0,0.14107499
2025-12-03,1764802800,-6,down,0.51,19.607843,0.9026370431789925,0.472507
2025-12-04,1764809100,-6,up,0.35,28.571428,0.5277565577840525,0.634075
2025-12-04,1764827100,-6,up,0.46,10.4,0.6940593916057194,0.522612
2025-12-04,1764839700,-6,up,0.47,21.276596,0.5377218476061278,0.512563
2025-12-04,1764879300,-4,up,0.55,18.181818,0.6533775314500695,0.432675
2025-12-04,1764888300,-6,down,0.48000002,20.833332,1.0,0.50252795
2025-12-04,1764890100,-6,down,0.5,20.0,1.0,0.4825
2025-12-04,1764891000,-6,down,0.51,19.607843,1.0,0.472507
2025-12-04,1764891900,-6,down,0.41000003,24.390242,0.9999999982351583,0.57306695
2025-12-05,1764924300,-6,up,0.6,12.93,1.0,0.3832
2025-12-05,1764969300,-5,down,0.7,14.285714,0.7693582959653074,0.28530002
2025-12-05,1764974700,-6,down,0.33999997,19.68,0.9999999993318587,0.644292
2025-12-06,1764992700,-5,up,0.5,20.0,0.7579713426655221,0.4825
2025-12-06,1765046700,-6,up,0.64,15.625,0.9918961186961719,-0.656128
2025-12-06,1765053900,-6,up,0.88,11.363636,1.0,0.112608
2025-12-06,1765060200,-6,down,0.51,19.607843,0.9359154101308255,0.472507
2025-12-06,1765061100,-6,down,0.55,18.181818,0.9999997559936225,0.432675
2025-12-06,1765062000,-6,down,0.5,20.0,1.0,0.4825
2025-12-07,1765074600,-6,up,0.67,14.925373,0.9837118520756972,-0.685477
2025-12-07,1765089000,-2,down,0.5,20.0,1.0,-0.5175
2025-12-07,1765099800,-6,down,0.37,27.027027,0.9799509595227802,-0.386317
2025-12-07,1765118700,-6,up,0.37,27.027027,0.6446795567148491,-0.386317
2025-12-08,1765172700,-6,down,0.78,12.820514,0.9988065737340355,0.20798802
2025-12-08,1765211400,-5,down,0.84000003,11.904761,0.977082638660265,0.15059197
2025-12-08,1765232100,-6,down,0.93,5.0,0.9898126756982554,0.065442994
2025-12-08,1765235700,-6,down,0.52,19.23077,1.0,0.46252802
2025-12-08,1765236600,-6,down,0.48000002,20.833332,1.0,0.50252795
2025-12-08,1765237500,-6,up,0.51,19.607843,0.9633626499040966,0.472507
2025-12-09,1765269000,-6,down,0.86,11.627907,0.9895890241931314,-0.868428
2025-12-09,1765279800,-6,down,0.73,13.698629,0.9999999975718656,0.256203
2025-12-09,1765288800,-2,down,0.47000003,21.276594,0.9998368201763597,0.512563
2025-12-09,1765316700,-6,down,0.32999998,30.303032,0.4014282221864943,0.654523
2025-12-09,1765317600,-6,down,0.52,5.0,0.7099908120824261,-0.537472
2025-12-09,1765320300,-6,down,0.5,20.0,0.9999999540519519,0.4825
2025-12-09,1765321200,-6,down,0.51,19.607843,1.0,0.472507
2025-12-09,1765323000,-6,up,0.51,19.607843,1.0,0.472507
2025-12-10,1765349100,-4,up,0.91,10.989011,0.9814359175191261,0.084266976
2025-12-10,1765354500,-5,up,0.9,11.111112,0.9975027829274223,-0.90629995
2025-12-10,1765356300,-5,down,0.58000004,17.241379,0.8154081687811745,0.40294796
2025-12-10,1765357200,-2,down,0.8,12.5,0.8855272751348093,0.18879999
2025-12-10,1765389600,-6,up,0.9,11.111112,0.9958477226439104,0.09370002
2025-12-10,1765407600,-6,down,0.51,19.607843,1.0,0.472507
2025-12-10,1765408500,-6,down,0.68,14.705882,1.0,0.304768
2025-12-10,1765409400,-6,down,0.5,20.0,1.0,0.4825
2025-12-11,1765452600,-6,down,0.7,14.285714,0.7807522245191594,0.28530002
2025-12-11,1765458900,-5,up,0.68,7.0,0.7931859095893641,0.304768
2025-12-11,1765474200,-3,down,0.9,2.77,0.9999999932654258,0.09370002
2025-12-11,1765494000,-6,up,0.81,12.345679,0.9999999999999966,0.179227
2025-12-11,1765496700,-6,down,0.5,20.0,1.0,0.4825
2025-12-12,1765505700,-6,up,0.5,20.0,0.7015776995978174,-0.5175
2025-12-12,1765522800,-6,down,0.48000002,20.833332,0.8900144590236838,-0.49747202
2025-12-12,1765550700,-3,down,0.35000002,28.571426,0.42161057007857716,-0.365925
2025-12-12,1765570500,-6,down,0.9,8.4,0.968759612026875,0.09370002
2025-12-12,1765580400,-6,up,0.72,13.888888,0.9984945148177286,0.26588798
2025-12-12,1765581300,-6,down,0.6,16.666666,1.0,0.3832
2025-12-13,1765602000,-6,up,0.76,13.157895,1.0,-0.772768
2025-12-13,1765665000,-6,up,0.91,10.989011,0.9999999999999999,0.084266976
2025-12-14,1765695600,-6,down,0.53999996,18.51852,0.9840421874829477,-0.55738795
2025-12-14,1765719000,-6,down,0.64,3.75,0.7185349388830984,-0.656128
2025-12-14,1765725300,-5,down,0.75,13.333333,0.8908371872955139,0.236875
2025-12-14,1765730700,-5,up,0.31,32.258064,0.7811246786731904,0.675027
2025-12-14,1765733400,-6,down,0.69,14.492754,0.8233624446564417,0.295027
2025-12-14,1765755000,-6,up,0.31,32.258064,0.4339843733408109,0.675027
2025-12-14,1765755900,-6,up,0.91,10.989011,1.0,0.084266976
2025-12-15,1765756800,-4,down,0.52,19.23077,0.5984621698858139,-0.537472
2025-12-15,1765787400,-6,down,0.93,10.752688,1.0,0.065442994
2025-12-15,1765797300,-6,up,0.88,11.363636,1.0,0.112608
2025-12-15,1765815300,-6,up,0.87,11.494253,0.9854171586363586,0.12208299
2025-12-15,1765840500,-6,down,0.53,18.867926,1.0,0.45256302
2025-12-16,1765859400,-6,down,0.45,5.0,0.5474325301280958,-0.467325
2025-12-16,1765890000,-2,up,0.74,1.39,0.9378907134373479,0.246532
2025-12-16,1765925100,-6,down,0.69,14.492754,0.9997317396362149,0.295027
2025-12-16,1765926900,-6,down,0.51,19.607843,1.0,0.472507
2025-12-16,1765927800,-6,up,0.55,5.0,1.0,0.432675
2025-12-16,1765928700,-6,up,0.51,19.607843,1.0,0.472507
2025-12-17,1765959300,-6,down,0.51,19.607843,1.0,0.472507
2025-12-18,1766022300,-6,down,0.94,10.638298,0.9999999984728889,0.056052003
2025-12-18,1766085300,-5,down,0.47000003,21.276594,0.5969908440797338,-0.48743704
2025-12-18,1766097900,-6,down,0.51,19.607843,0.6360047344290132,0.472507
2025-12-18,1766099700,-6,down,0.5,20.0,1.0,0.4825
2025-12-18,1766101500,-6,up,0.33,30.30303,0.9999999999999999,0.65452296
2025-12-19,1766108700,-6,up,0.4,8.0,0.50238134743668,-0.41680002
2025-12-19,1766143800,-6,down,0.56,17.857143,0.9678497588820774,-0.577248
2025-12-19,1766185200,-6,down,0.7,14.285714,1.0,0.28530002
2025-12-19,1766186100,-6,up,0.49,20.408163,1.0,0.49250698
2025-12-20,1766188800,-3,down,0.84000003,11.904761,0.9459107470264772,0.15059197
2025-12-21,1766301300,-2,down,0.55,18.181818,0.999999964643463,0.432675
2025-12-21,1766317500,-6,down,0.93,10.752688,0.9999997691278937,0.065442994
2025-12-21,1766356200,-6,up,0.49,20.408163,0.9998360729959118,0.49250698
2025-12-21,1766357100,-6,up,0.5,20.0,1.0,0.4825
2025-12-21,1766358000,-6,up,0.84,11.904762,0.9999999999999032,0.15059203
2025-12-21,1766359800,-6,up,0.48,10.0,0.9999999997931754,0.50252795
2025-12-22,1766376000,-6,up,0.62,16.129032,0.9838099235194695,0.363508
2025-12-22,1766395800,-6,up,0.86,11.627907,0.940192386984451,0.131572
2025-12-22,1766416500,-6,up,0.94,5.0,0.9945141416751477,-0.943948
2025-12-22,1766424600,-4,down,0.86,4.24,0.9529230217086176,0.131572
2025-12-22,1766436300,-5,up,0.42,5.0,0.5256003868422409,0.56294805
2025-12-22,1766440800,-6,up,0.83,8.0,0.9275643938160711,0.16012302
2025-12-22,1766444400,-6,down,0.5,20.0,0.9999898214205344,0.4825
2025-12-22,1766447100,-6,up,0.5,20.0,1.0,0.4825
2025-12-23,1766452500,-4,down,0.53999996,4.0,0.9999999999877146,0.44261205
2025-12-23,1766466000,-6,down,0.92,10.869565,0.9999966993096654,0.07484798
2025-12-23,1766468700,-3,down,0.64,15.625,0.9912215155976771,0.343872
2025-12-23,1766523600,-6,up,0.36,27.777777,0.9389486301089928,-0.37612802
2025-12-23,1766526300,-6,up,0.73,12.0,0.8203539149162892,0.256203
2025-12-23,1766528100,-6,down,0.5,20.0,0.6237930436205954,0.4825
2025-12-24,1766565000,-4,up,0.88,11.363636,0.9507206390420199,0.112608
2025-12-24,1766569500,-2,up,0.89,11.235955,0.999999999264051,0.103147015
2025-12-24,1766617200,-6,down,0.53999996,18.51852,1.0,0.44261205
2025-12-24,1766618100,-6,down,0.73,13.698629,1.0,0.256203
2025-12-24,1766619900,-6,up,0.52,19.23077,1.0,0.46252802
2025-12-25,1766654100,-6,down,0.82,12.195122,0.9780949920508736,0.169668
2025-12-25,1766655000,-5,up,0.88,11.363636,0.9964843914475798,0.112608
2025-12-25,1766663100,-6,down,0.9,11.111112,1.0,0.09370002
2025-12-25,1766702700,-6,down,0.49,20.408163,0.9982382940885247,0.49250698
2025-12-25,1766703600,-6,up,0.55,18.181818,0.999999925621101,0.432675
2025-12-25,1766704500,-6,down,0.47000003,21.276594,1.0,0.512563
2025-12-25,1766705400,-6,down,0.5,20.0,1.0,0.4825
2025-12-26,1766745900,-6,down,0.73,13.698629,0.9966714389018659,0.256203
2025-12-26,1766748600,-6,down,0.93,10.752688,0.995740867375583,0.065442994
2025-12-26,1766751300,-5,up,0.9,11.111112,0.9999999999931721,0.09370002
2025-12-26,1766763000,-6,up,0.8,5.0,0.9421917827251318,0.18879999
2025-12-26,1766789100,-6,up,0.7,14.285714,1.0,0.28530002
2025-12-26,1766790000,-6,down,0.48000002,20.833332,1.0,0.50252795
2025-12-26,1766790900,-6,down,0.51,19.607843,0.9999999999985791,0.472507
2025-12-26,1766792700,-6,up,0.54,18.518518,1.0,0.442612
2025-12-27,1766800800,-6,up,0.55,18.181818,1.0,-0.567325
2025-12-27,1766808000,-6,down,0.84000003,5.0,1.0,0.15059197
2025-12-27,1766873700,-6,down,0.53,18.867926,1.0,0.45256302
2025-12-27,1766879100,-6,up,0.46,21.73913,1.0,0.522612
2025-12-28,1766926800,-6,up,0.82,12.195122,0.9618861681297284,-0.830332
2025-12-28,1766931300,-6,up,0.59,16.949154,0.9999999766371527,0.39306703
2025-12-28,1766946600,-4,up,0.45,7.88,0.9999999368536248,-0.467325
2025-12-28,1766956500,-6,down,0.92,10.869565,1.0,0.07484798
2025-12-28,1766961000,-6,up,0.5,20.0,0.9820846771127892,0.4825
2025-12-28,1766961900,-6,up,0.49,20.408163,1.0,0.49250698
2025-12-29,1767006000,-6,up,0.85,11.764706,0.9997124669507735,0.14107499
2025-12-29,1767026700,-6,up,0.93,3.79,0.9961421428996026,0.065442994
2025-12-29,1767027600,-6,down,0.87,5.0,0.9533513549211996,0.12208299
2025-12-29,1767028500,-6,down,0.51,19.607843,1.0,0.472507
2025-12-29,1767042000,-6,up,0.63,13.0,1.0,0.353683
2025-12-29,1767042900,-6,down,0.93,10.752688,1.0,0.065442994
2025-12-29,1767045600,-6,down,0.5,20.0,1.0,0.4825
2025-12-30,1767053700,-6,down,0.58000004,17.241379,0.6671233300543946,0.40294796
2025-12-30,1767069000,-6,down,0.88,11.363636,0.9987482885447924,0.112608
2025-12-30,1767123900,-6,down,0.51,5.0,1.0,0.472507
2025-12-30,1767127500,-6,down,0.45999998,21.739132,1.0,0.52261204
2025-12-30,1767129300,-6,up,0.79,12.658228,1.0,0.19838698
2025-12-31,1767167100,-6,down,0.74,5.0,1.0,0.246532
2025-12-31,1767197700,-6,up,0.35,19.0,0.6723781423633026,0.634075
2025-12-31,1767202200,-6,down,0.84000003,11.904761,0.9998069412421412,0.15059197
2025-12-31,1767214800,-6,up,0.85,11.764706,1.0,0.14107499
2025-12-31,1767218400,-6,up,0.49,20.408163,1.0,0.49250698
2025-12-31,1767219300,-6,up,0.85,11.764706,1.0,0.14107499
2025-12-31,1767220200,-6,down,0.90999997,10.989012,1.0,0.084267035
2025-12-31,1767222900,-6,down,0.94,10.638298,1.0,0.056052003
2026-01-01,1767234600,-6,down,0.52,19.23077,0.9999578209464961,-0.537472
2026-01-01,1767245400,-6,down,0.8,12.5,1.0,0.18879999
2026-01-01,1767246300,-6,up,0.45,9.0,1.0,-0.467325
2026-01-01,1767267000,-6,down,0.93,7.45,1.0,0.065442994
2026-01-01,1767291300,-6,down,0.49,20.0,1.0,0.49250698
2026-01-01,1767296700,-6,up,0.77,12.987013,0.9999990339580046,0.21760301
2026-01-01,1767297600,-6,down,0.52,19.23077,1.0,0.46252802
2026-01-01,1767298500,-6,up,0.52,19.23077,0.999999999999233,0.46252802
2026-01-01,1767302100,-6,down,0.53,18.867926,0.9979973789619898,0.45256302
2026-01-01,1767303000,-6,down,0.51,19.607843,1.0,0.472507
2026-01-01,1767303900,-6,up,0.48,20.833334,1.0,0.50252795
2026-01-01,1767306600,-6,up,0.69,14.492754,1.0,0.295027
2026-01-01,1767308400,-6,down,0.83,12.048193,1.0,0.16012302
2026-01-02,1767328200,-6,down,0.35000002,10.0,0.9938081793085689,0.634075
2026-01-02,1767339900,-4,down,0.39,22.61,0.953555635464228,0.593347
2026-01-02,1767375000,-6,down,0.84000003,11.904761,1.0,0.15059197
2026-01-02,1767376800,-6,down,0.78,12.820514,0.8954821744704713,0.20798802
2026-01-02,1767380400,-6,up,0.7,14.285714,1.0,0.28530002
2026-01-02,1767381300,-6,down,0.61,16.393442,0.9749718000011292,0.37334698
2026-01-02,1767382200,-6,up,0.82,12.195122,0.9999999956324017,0.169668
2026-01-02,1767383100,-6,down,0.81,12.345679,0.9999999999999999,0.179227
2026-01-02,1767385800,-6,up,0.61,5.8,0.9947403304715631,0.37334698
2026-01-02,1767393000,-6,up,0.73,13.698629,1.0,0.256203
2026-01-02,1767397500,-6,up,0.52,19.23077,0.9999989368663101,0.46252802
2026-01-03,1767410100,-6,down,0.79,12.658228,0.9259717313740679,0.19838698
2026-01-03,1767460500,-4,down,0.48000002,20.833332,1.0,0.50252795
2026-01-03,1767469500,-6,down,0.68,14.705882,0.8643553812585623,0.304768
2026-01-03,1767474000,-6,down,0.53,18.867926,0.9999684360036796,0.45256302
2026-01-03,1767480300,-6,down,0.92,10.869565,0.9999337076180113,0.07484798
2026-01-04,1767532500,-4,up,0.32,31.25,0.9464441067221865,-0.335232
2026-01-04,1767551400,-6,up,0.69,14.492754,0.9999999999984414,0.295027
2026-01-04,1767556800,-6,up,0.5,20.0,1.0,0.4825
2026-01-04,1767557700,-6,up,0.5,20.0,1.0,0.4825
2026-01-04,1767559500,-6,up,0.5,20.0,0.9991582470635966,0.4825
2026-01-04,1767568500,-6,up,0.86,11.627907,0.9534819720100546,0.131572
2026-01-04,1767569400,-6,down,0.94,10.638298,1.0,0.056052003
2026-01-05,1767602700,-5,down,0.72,13.888888,0.993197227698814,0.26588798
2026-01-05,1767621600,-6,up,0.65,7.0,0.874184515108725,0.33407503
2026-01-05,1767625200,-5,down,0.45999998,21.739132,0.5916623282321926,-0.47738796
2026-01-05,1767628800,-4,down,0.81,12.345679,0.923294930830728,0.179227
2026-01-05,1767636000,-6,down,0.92,10.869565,1.0,0.07484798
2026-01-05,1767638700,-6,up,0.51,19.607843,1.0,0.472507
2026-01-05,1767640500,-6,up,0.36,5.0,0.9999999999999999,0.623872
2026-01-05,1767641400,-6,down,0.37,27.027027,1.0,0.613683
2026-01-05,1767642300,-6,up,0.37,27.027027,0.9845216848629613,0.613683
2026-01-05,1767643200,-6,up,0.47,21.276596,0.9999999922987796,0.512563
2026-01-05,1767644100,-6,up,0.76,13.157895,1.0,0.22723201
2026-01-05,1767645900,-2,down,0.9,11.111112,0.9651548886342339,0.09370002
2026-01-05,1767647700,-6,down,0.9,11.111112,1.0,0.09370002
2026-01-05,1767648600,-6,up,0.85,11.764706,1.0,0.14107499
2026-01-06,1767667500,-4,down,0.36,27.777777,0.44576135416260454,0.623872
2026-01-06,1767680100,-6,down,0.32999998,8.0,0.5,-0.34547698
2026-01-06,1767694500,-6,up,0.48,10.0,0.9997362180482127,-0.497472
2026-01-06,1767695400,-6,down,0.76,7.75,0.9999998900707578,0.22723201
2026-01-06,1767723300,-6,up,0.66,15.151515,1.0,0.32429197
2026-01-06,1767724200,-6,down,0.75,13.333333,0.9999999999999515,0.236875
2026-01-06,1767725100,-6,up,0.94,10.638298,1.0,0.056052003
2026-01-06,1767726000,-6,up,0.87,11.494253,1.0,0.12208299
2026-01-06,1767726900,-6,up,0.68,14.705882,0.9999999917841681,0.304768
2026-01-06,1767728700,-6,down,0.81,12.345679,0.9695441467953073,0.179227
2026-01-06,1767733200,-6,up,0.76,13.157895,1.0,0.22723201
2026-01-06,1767735000,-6,up,0.41,1.09,0.9999999999999998,0.573067
2026-01-06,1767736800,-6,down,0.6,16.666666,1.0,0.3832
2026-01-06,1767737700,-6,up,0.51,19.607843,0.9999716899273697,0.472507
2026-01-06,1767738600,-6,down,0.51,6.07,1.0,0.472507
2026-01-06,1767739500,-6,up,0.89,11.235955,1.0,0.103147015
2026-01-06,1767741300,-6,up,0.73,13.698629,1.0,0.256203
2026-01-07,1767788100,-6,up,0.88,11.363636,1.0,0.112608
2026-01-07,1767805200,-6,down,0.48000002,12.4,0.5776400756228015,-0.49747202
2026-01-07,1767810600,-6,down,0.81,12.345679,1.0,0.179227
2026-01-07,1767812400,-6,down,0.87,11.494253,0.9999999992620747,0.12208299
2026-01-07,1767813300,-6,up,0.58,17.24138,1.0,0.40294802
2026-01-07,1767818700,-6,up,0.57,17.54386,0.9995486790441278,0.41284302
2026-01-08,1767837600,-6,down,0.35000002,28.571426,0.617536697410648,-0.365925
2026-01-08,1767844800,-6,up,0.32,31.25,0.4678322195982478,-0.335232
2026-01-08,1767876300,-6,down,0.94,10.638298,0.9999553423926156,0.056052003
2026-01-08,1767877200,-6,down,0.75,9.27,0.9993137440615157,-0.763125
2026-01-08,1767896100,-6,up,0.86,11.627907,1.0,0.131572
2026-01-08,1767897900,-6,up,0.93,10.752688,1.0,0.065442994
2026-01-08,1767903300,-6,down,0.78,12.820514,1.0,0.20798802
2026-01-08,1767904200,-6,up,0.52,19.23077,1.0,0.46252802
2026-01-08,1767906900,-6,down,0.68,14.705882,0.999985838319151,0.304768
2026-01-08,1767908700,-2,up,0.88,5.0,0.9556638394971968,0.112608
2026-01-08,1767911400,-6,down,0.86,11.627907,1.0,0.131572
2026-01-08,1767912300,-6,up,0.79,12.658228,0.9999999997538215,0.19838698
2026-01-08,1767914100,-6,up,0.51,19.607843,0.9999940352811808,0.472507
2026-01-08,1767915900,-6,down,0.32,31.25,0.9982863849898261,0.664768
2026-01-09,1767981600,-6,down,0.66999996,14.925374,1.0,0.31452304
2026-01-09,1767983400,-6,up,0.82,12.195122,1.0,0.169668
2026-01-09,1767987000,-6,up,0.82,5.9,0.9495118427599708,0.169668
2026-01-09,1767988800,-6,up,0.55,18.181818,1.0,0.432675
2026-01-09,1767991500,-6,up,0.71,5.0,0.9999647108440904,0.27558702
2026-01-09,1767993300,-6,up,0.91,10.989011,1.0,0.084266976
2026-01-09,1767997800,-6,down,0.58000004,17.241379,1.0,0.40294796
2026-01-09,1767998700,-6,up,0.47,21.276596,1.0,0.512563
2026-01-10,1768005000,-3,down,0.93,10.752688,0.9999999999999873,0.065442994
2026-01-10,1768018500,-6,down,0.39,20.0,1.0,0.593347
2026-01-10,1768023900,-6,down,0.90999997,10.989012,0.9999999958407271,-0.915733
2026-01-10,1768044600,-4,down,0.89,11.235955,0.9928945354356109,0.103147015
2026-01-10,1768069800,-6,up,0.52,19.23077,1.0,0.46252802
2026-01-10,1768072500,-6,up,0.5,20.0,1.0,0.4825
2026-01-10,1768074300,-6,down,0.65,15.384616,1.0,0.33407503
2026-01-10,1768081500,-6,down,0.45999998,21.739132,1.0,0.52261204
2026-01-10,1768083300,-6,up,0.56,17.857143,1.0,0.422752
2026-01-10,1768086900,-6,up,0.51,19.607843,1.0,0.472507
2026-01-11,1768099500,-6,up,0.79,12.658228,1.0,0.19838698
2026-01-11,1768113000,-6,down,0.9,11.111112,1.0,0.09370002
2026-01-11,1768120200,-6,down,0.39999998,25.000002,1.0,0.58320004
2026-01-11,1768131900,-3,up,0.57,17.54386,0.9999591540807787,0.41284302
2026-01-11,1768151700,-6,down,0.93,10.752688,1.0,0.065442994
2026-01-11,1768159800,-6,down,0.51,19.607843,1.0,0.472507
2026-01-11,1768160700,-6,down,0.51,19.607843,1.0,0.472507
2026-01-11,1768162500,-6,down,0.93,10.752688,0.9999999999999996,0.065442994
2026-01-11,1768171500,-6,down,0.51,19.607843,1.0,0.472507
2026-01-11,1768172400,-6,up,0.51,19.607843,1.0,0.472507
2026-01-11,1768173300,-6,up,0.81,12.345679,0.9999999402247529,0.179227
2026-01-11,1768174200,-6,up,0.86,11.627907,1.0,0.131572
2026-01-11,1768175100,-6,up,0.71,14.084508,1.0,0.27558702
2026-01-12,1768193100,-6,down,0.35000002,28.571426,1.0,0.634075
2026-01-12,1768199400,-6,down,0.5,20.0,1.0,0.4825
2026-01-12,1768202100,-6,up,0.67,14.925373,1.0,0.31452298
2026-01-12,1768204800,-6,up,0.94,10.638298,1.0,0.056052003
2026-01-12,1768205700,-6,down,0.93,10.752688,1.0,0.065442994
2026-01-12,1768207500,-6,up,0.67,14.925373,1.0,0.31452298
2026-01-12,1768208400,-6,up,0.73,5.0,1.0,0.256203
2026-01-12,1768210200,-6,up,0.71,14.084508,0.9974602677371814,0.27558702
2026-01-12,1768212000,-6,down,0.35000002,28.571426,0.9133345070538275,0.634075
2026-01-12,1768212900,-6,down,0.5,20.0,1.0,0.4825
2026-01-12,1768213800,-6,down,0.77,12.987013,0.9999268047018542,0.21760301
2026-01-12,1768215600,-6,up,0.55,18.181818,1.0,0.432675
2026-01-12,1768250700,-6,up,0.45,22.222223,0.9647742419360643,0.532675
2026-01-12,1768252500,-6,down,0.88,11.363636,1.0,0.112608
2026-01-13,1768266000,-6,down,0.69,14.492754,0.8484259983748934,0.295027
2026-01-13,1768284000,-4,up,0.47,9.7,0.5845615837656704,0.512563
2026-01-13,1768290300,-5,up,0.94,10.638298,0.9999999999861938,0.056052003
2026-01-13,1768324500,-6,up,0.43,23.255814,1.0,0.552843
2026-01-13,1768325400,-5,down,0.90999997,10.989012,0.9745470411328013,0.084267035
2026-01-13,1768326300,-6,down,0.6,2.61,0.999999999999999,0.3832
2026-01-13,1768327200,-6,up,0.94,10.638298,1.0,0.056052003
2026-01-13,1768329000,-6,up,0.41,14.0,0.9999970552653346,0.573067
2026-01-13,1768332600,-6,up,0.9,11.111112,1.0,0.09370002
2026-01-13,1768334400,-6,up,0.84,11.904762,1.0,0.15059203
2026-01-13,1768335300,-6,up,0.46,21.73913,0.8550239570913264,-0.477388
2026-01-13,1768336200,-6,down,0.79,12.658228,0.9999537593982591,0.19838698
2026-01-13,1768337100,-6,up,0.55,6.22,0.9999999999999996,0.432675
2026-01-13,1768338000,-5,down,0.53999996,18.51852,0.9885053568179135,0.44261205
2026-01-13,1768342500,-6,down,0.76,13.157895,1.0,0.22723201
2026-01-13,1768345200,-6,down,0.62,16.129032,1.0,0.363508
2026-01-13,1768346100,-6,down,0.53999996,18.51852,1.0,0.44261205
2026-01-14,1768366800,-4,down,0.48000002,20.833332,0.6375974458248999,0.50252795
2026-01-14,1768369500,-6,down,0.63,15.873016,0.9999272299292253,0.353683
2026-01-14,1768374000,-6,up,0.75,13.333333,0.8437587548816067,0.236875
2026-01-14,1768374900,-6,down,0.53,18.867926,1.0,0.45256302
2026-01-14,1768375800,-6,up,0.91,10.989011,1.0,0.084266976
2026-01-14,1768377600,-6,up,0.67,14.925373,1.0,0.31452298
2026-01-14,1768378500,-6,down,0.53,18.867926,1.0,0.45256302
2026-01-14,1768379400,-6,down,0.52,19.23077,1.0,0.46252802
2026-01-14,1768380300,-6,down,0.9,11.111112,1.0,0.09370002
2026-01-14,1768382100,-6,down,0.8,12.5,0.96251522701093,0.18879999
2026-01-14,1768384800,-6,up,0.53,18.867926,1.0,0.45256302
2026-01-14,1768386600,-6,up,0.83,12.048193,1.0,0.16012302
2026-01-14,1768387500,-6,down,0.5,20.0,0.9999987626692872,0.4825
2026-01-14,1768389300,-6,up,0.74,13.513514,1.0,0.246532
2026-01-15,1768445100,-6,up,0.37,27.027027,0.536190324759304,0.613683
2026-01-15,1768455900,-4,up,0.54,5.0,0.697797483681261,-0.557388
2026-01-15,1768456800,-6,up,0.6,16.666666,0.8146021485804763,0.3832
2026-01-15,1768457700,-6,up,0.9,11.111112,1.0,0.09370002
2026-01-15,1768463100,-6,up,0.47,13.0,0.9641467171376753,0.512563
2026-01-15,1768464900,-6,down,0.65,15.384616,1.0,0.33407503
2026-01-15,1768484700,-6,up,0.52,19.23077,1.0,0.46252802
2026-01-15,1768488300,-6,up,0.81,12.345679,1.0,0.179227
2026-01-15,1768490100,-6,down,0.62,8.38,1.0,0.363508
2026-01-15,1768491900,-6,up,0.5,20.0,1.0,0.4825
2026-01-15,1768494600,-6,up,0.55,18.181818,1.0,0.432675
2026-01-15,1768496400,-6,down,0.94,10.638298,1.0,0.056052003
2026-01-15,1768500900,-6,down,0.49,20.408163,1.0,0.49250698
2026-01-15,1768501800,-6,down,0.45,22.222223,1.0,0.532675
2026-01-15,1768504500,-6,down,0.89,11.235955,1.0,0.103147015
2026-01-15,1768509900,-6,down,0.44,22.727272,0.9999999980723462,0.542752
2026-01-16,1768526100,-6,up,0.57,17.54386,1.0,0.41284302
2026-01-16,1768527000,-6,down,0.39,25.641027,0.6812809977814489,0.593347
2026-01-16,1768527900,-6,up,0.82,5.0,0.999999998537638,0.169668
2026-01-16,1768528800,-6,down,0.87,11.494253,1.0,0.12208299
2026-01-16,1768529700,-6,up,0.49,20.408163,1.0,0.49250698
2026-01-16,1768530600,-6,down,0.81,12.345679,1.0,0.179227
2026-01-16,1768531500,-6,up,0.86,11.627907,0.9999810879134345,0.131572
2026-01-16,1768532400,-6,up,0.75,13.333333,1.0,0.236875
2026-01-16,1768533300,-6,down,0.72,13.888888,1.0,0.26588798
2026-01-16,1768534200,-6,down,0.88,10.0,1.0,0.112608
2026-01-16,1768535100,-6,down,0.88,11.363636,1.0,0.112608
2026-01-16,1768536000,-6,up,0.84,11.904762,1.0,0.15059203
2026-01-16,1768537800,-6,down,0.85,11.764706,1.0,0.14107499
2026-01-16,1768560300,-6,down,0.74,13.513514,1.0,0.246532
2026-01-16,1768561200,-2,up,0.79,7.55,0.8670452315978165,0.19838698
2026-01-16,1768564800,-6,up,0.7,14.285714,1.0,0.28530002
2026-01-16,1768565700,-6,up,0.67,14.925373,1.0,0.31452298
2026-01-16,1768566600,-6,down,0.85,11.764706,1.0,0.14107499
2026-01-16,1768569300,-6,up,0.9,11.111112,0.9999999999791757,0.09370002
2026-01-16,1768570200,-6,down,0.85,11.764706,1.0,0.14107499
2026-01-16,1768571100,-6,up,0.5,20.0,1.0,0.4825
2026-01-16,1768572000,-6,up,0.49,20.408163,0.9999999908662929,-0.507493
2026-01-16,1768573800,-6,down,0.94,10.638298,1.0,0.056052003
2026-01-16,1768577400,-6,down,0.83,5.0,0.9999999999999999,0.16012302
2026-01-16,1768579200,-6,up,0.91,10.989011,1.0,0.084266976
2026-01-16,1768580100,-6,up,0.88,11.363636,1.0,0.112608
2026-01-16,1768581000,-6,up,0.56,15.2,0.9999937263602423,0.422752
2026-01-16,1768581900,-6,down,0.37,10.18,0.9882847764283316,0.613683
2026-01-16,1768582800,-6,down,0.75,13.333333,0.9999999999974065,0.236875
2026-01-16,1768583700,-6,down,0.9,5.0,0.9983354957808048,0.09370002
2026-01-16,1768585500,-6,up,0.44,5.0,1.0,0.542752
2026-01-16,1768591800,-6,up,0.87,11.494253,1.0,0.12208299
2026-01-16,1768592700,-6,up,0.92,10.869565,1.0,0.07484798
2026-01-16,1768596300,-6,up,0.93,10.752688,1.0,0.065442994
2026-01-16,1768598100,-6,up,0.49,20.408163,0.9039484722958709,0.49250698
2026-01-16,1768599900,-6,down,0.84000003,10.0,0.9950337882467175,0.15059197
2026-01-16,1768603500,-6,up,0.81,12.345679,1.0,0.179227
2026-01-16,1768605300,-6,up,0.77,12.987013,1.0,0.21760301
2026-01-17,1768608000,-6,down,0.75,13.333333,0.9999478586801261,0.236875
2026-01-17,1768609800,-6,up,0.78,12.820514,0.9401040258457953,-0.792012
2026-01-17,1768610700,-4,down,0.88,7.26,0.9580411603696175,0.112608
2026-01-17,1768611600,-6,down,0.85,7.33,0.9985556571407186,0.14107499
2026-01-17,1768612500,-6,up,0.62,16.129032,1.0,0.363508
2026-01-17,1768614300,-6,down,0.65999997,15.151516,0.7959265187598423,0.32429203
2026-01-17,1768615200,-6,down,0.72,13.888888,1.0,0.26588798
2026-01-17,1768618800,-6,down,0.86,11.627907,1.0,0.131572
2026-01-17,1768623300,-6,up,0.84,11.904762,0.9656368619413062,0.15059203
2026-01-17,1768624200,-6,up,0.66,15.151515,0.7641961165620866,0.32429197
2026-01-17,1768653000,-6,down,0.65,15.384616,0.862322451490568,0.33407503
2026-01-17,1768657500,-5,up,0.83,12.048193,0.8975096802165602,0.16012302
2026-01-17,1768658400,-5,down,0.53,12.0,0.9649629466222411,0.45256302
2026-01-17,1768662000,-6,up,0.92,10.869565,1.0,0.07484798
2026-01-17,1768664700,-6,down,0.87,11.494253,0.9956798651567826,0.12208299
2026-01-17,1768666500,-6,down,0.71000004,14.084506,0.963927968446682,0.27558696
2026-01-17,1768679100,-6,down,0.92,10.869565,1.0,0.07484798
2026-01-18,1768694400,-3,up,0.91,10.989011,1.0,0.084266976
2026-01-18,1768710600,-6,down,0.63,5.0,0.999999442745483,0.353683
2026-01-18,1768717800,-6,down,0.63,15.873016,0.7127380362841327,-0.646317
2026-01-18,1768721400,-6,down,0.81,12.345679,1.0,0.179227
2026-01-18,1768723200,-6,up,0.78,12.820514,1.0,0.20798802
2026-01-18,1768724100,-6,up,0.93,10.752688,1.0,0.065442994
2026-01-18,1768725900,-6,up,0.91,10.989011,1.0,0.084266976
2026-01-18,1768730400,-6,down,0.89,11.235955,1.0,0.103147015
2026-01-18,1768731300,-6,down,0.5,20.0,0.9999968825437449,0.4825
2026-01-18,1768732200,-6,up,0.34,29.411764,1.0,0.644292
2026-01-18,1768733100,-6,up,0.56,17.857143,1.0,-0.577248
2026-01-18,1768734900,-6,down,0.39999998,25.000002,0.9716089307712069,0.58320004
2026-01-18,1768735800,-6,up,0.91,10.989011,0.9824477157101712,0.084266976
2026-01-18,1768736700,-6,up,0.92,10.869565,1.0,0.07484798
2026-01-18,1768737600,-6,down,0.84000003,6.06,1.0,0.15059197
2026-01-18,1768738500,-6,up,0.93,10.752688,0.9999999999999992,0.065442994
2026-01-18,1768740300,-6,down,0.85,10.0,0.9999999612192652,0.14107499
2026-01-18,1768742100,-6,down,0.78,12.820514,1.0,0.20798802
2026-01-18,1768743000,-6,up,0.77,12.987013,1.0,0.21760301
2026-01-18,1768743900,-6,down,0.82,12.195122,1.0,0.169668
2026-01-18,1768744800,-6,up,0.8,12.5,0.9999999999998637,0.18879999
2026-01-18,1768748400,-6,up,0.67,14.925373,1.0,0.31452298
2026-01-18,1768749300,-6,up,0.67,14.925373,1.0,0.31452298
2026-01-18,1768750200,-6,down,0.47000003,5.0,0.9119311022220503,0.512563
2026-01-18,1768751100,-6,up,0.89,11.235955,1.0,0.103147015
2026-01-18,1768752000,-6,up,0.65,15.384616,1.0,0.33407503
2026-01-18,1768752900,-6,down,0.39,25.641027,1.0,0.593347
2026-01-18,1768753800,-6,up,0.55,18.181818,1.0,0.432675
2026-01-18,1768754700,-6,down,0.55,18.181818,1.0,0.432675
2026-01-18,1768755600,-6,down,0.39,25.641027,0.9835157274902927,0.593347
2026-01-18,1768756500,-6,up,0.94,5.5,1.0,0.056052003
2026-01-18,1768758300,-6,up,0.63,15.873016,0.9999999999999318,0.353683
2026-01-18,1768759200,-6,down,0.92,10.869565,1.0,0.07484798
2026-01-18,1768760100,-6,up,0.49,20.408163,0.9999999999999997,0.49250698
2026-01-18,1768761000,-6,down,0.79,12.658228,1.0,0.19838698
2026-01-18,1768762800,-6,down,0.75,12.0,1.0,0.236875
2026-01-18,1768764600,-6,down,0.33999997,29.411766,1.0,0.644292
2026-01-18,1768765500,-6,down,0.86,11.627907,1.0,0.131572
2026-01-18,1768766400,-6,down,0.47000003,21.276594,1.0,0.512563
2026-01-19,1768786200,-6,down,0.93,10.752688,0.9999983207918287,0.065442994
2026-01-19,1768790700,-6,up,0.61,16.393442,0.8497597755402869,-0.626653
2026-01-19,1768797000,-2,down,0.66999996,8.0,0.9721457517429271,0.31452304
2026-01-20,1768873500,-6,down,0.5,20.0,0.6279646225078842,-0.5175
2026-01-20,1768875300,-5,up,0.75,13.333333,0.8277458404130408,0.236875
2026-01-20,1768877100,-6,down,0.32999998,30.303032,0.9997651917595645,0.654523
2026-01-20,1768882500,-6,down,0.64,5.48,0.9201401073802868,0.343872
2026-01-20,1768887900,-6,down,0.78,12.820514,0.8888259871316645,0.20798802
2026-01-20,1768895100,-6,down,0.87,11.494253,0.9507272650873717,0.12208299
2026-01-20,1768934700,-6,up,0.34,22.0,0.6814227127121589,-0.355708
2026-01-20,1768945500,-6,down,0.48000002,20.833332,0.8295022600127522,0.50252795
2026-01-21,1768953600,-3,down,0.82,5.67,0.8932349004443884,0.169668
2026-01-21,1768958100,-6,down,0.7,14.285714,0.8997465109964884,0.28530002
2026-01-21,1768959000,-6,down,0.94,10.638298,0.998379727094194,0.056052003
2026-01-21,1768975200,-6,down,0.85,11.764706,0.9999400742014652,0.14107499
2026-01-21,1768976100,-3,down,0.36,25.27,0.9788482641887776,0.623872
2026-01-21,1768981500,-5,up,0.63,15.873016,0.7597471454993288,-0.646317
2026-01-21,1768982400,-6,down,0.7,14.285714,0.7914256813102978,0.28530002
2026-01-21,1769003100,-4,down,0.7,14.285714,0.8884451571888927,0.28530002
2026-01-21,1769004900,-6,up,0.53,18.867926,0.8751408316407245,0.45256302
2026-01-21,1769017500,-6,up,0.83,12.048193,0.9950198917900909,0.16012302
2026-01-21,1769031900,-6,down,0.53999996,8.0,0.8912973802373845,0.44261205
2026-01-22,1769047200,-5,up,0.44,22.727272,0.9997399872960022,0.542752
2026-01-22,1769062500,-3,down,0.93,10.752688,1.0,0.065442994
2026-01-22,1769064300,-6,up,0.7,14.285714,0.9977622545096009,0.28530002
2026-01-22,1769076000,-4,down,0.52,19.23077,0.6281191529469938,-0.537472
2026-01-22,1769076900,-6,up,0.75,13.333333,0.9793623601164848,-0.763125
2026-01-22,1769085000,-6,up,0.88,9.36,0.9999999983227343,0.112608
2026-01-22,1769089500,-6,down,0.52,13.0,0.8321748606295158,0.46252802
2026-01-22,1769103900,-6,up,0.88,8.0,1.0,0.112608
2026-01-23,1769129100,-6,down,0.42000002,23.809523,0.9902710478541145,0.562948
2026-01-23,1769135400,-6,up,0.93,10.752688,0.9997480555467244,0.065442994
2026-01-23,1769155200,-6,up,0.48,5.0,0.647456523638149,-0.497472
2026-01-23,1769175900,-6,down,0.77,5.0,0.8527396257660698,0.21760301
2026-01-23,1769202900,-6,up,0.79,5.0,0.879142083756272,0.19838698
2026-01-23,1769210100,-6,down,0.66999996,10.0,0.9999987009090491,0.31452304
2026-01-24,1769219100,-6,up,0.94,10.638298,1.0,0.056052003
2026-01-24,1769233500,-6,up,0.94,10.638298,0.9999999519471452,0.056052003
2026-01-24,1769260500,-6,down,0.56,5.0,1.0,-0.577248
2026-01-24,1769261400,-6,up,0.31,30.0,1.0,-0.32497302
2026-01-24,1769287500,-6,down,0.41000003,24.390242,0.9999999998915723,0.57306695
2026-01-25,1769308200,-6,up,0.71,14.084508,0.8737571959064008,-0.724413
2026-01-25,1769309100,-6,down,0.92,10.869565,1.0,0.07484798
2026-01-25,1769323500,-6,up,0.58,17.24138,1.0,-0.597052
2026-01-25,1769354100,-6,down,0.43,23.255814,0.6021109540764493,0.552843
2026-01-26,1769391900,-5,up,0.41,5.0,0.759824225135483,0.573067
2026-01-26,1769396400,-4,up,0.49,12.9,0.7851207602596469,0.49250698
2026-01-26,1769409900,-5,down,0.90999997,10.989012,1.0,0.084267035
2026-01-26,1769427900,-6,up,0.48,20.833334,1.0,0.50252795
2026-01-26,1769429700,-6,up,0.66,3.33,1.0,0.32429197
2026-01-26,1769436900,-6,down,0.76,13.157895,0.8447622982147263,0.22723201
2026-01-27,1769491800,-6,down,0.6,16.666666,0.8916355734089263,-0.6168
2026-01-27,1769532300,-6,down,0.48000002,20.833332,1.0,0.50252795
2026-01-27,1769547600,-5,down,0.52,19.23077,0.8963383258554285,-0.537472
2026-01-28,1769573700,-4,up,0.67,14.925373,0.7710566696361836,-0.685477
2026-01-28,1769574600,-6,up,0.62,16.129032,1.0,0.363508
2026-01-28,1769578200,-4,down,0.44,22.727272,0.6442599975161124,-0.457248
2026-01-28,1769587200,-6,up,0.79,12.0,0.885242206307422,0.19838698
2026-01-28,1769594400,-5,down,0.37,27.027027,0.500904355869685,-0.386317
2026-01-28,1769643900,-6,down,0.77,4.64,0.8353910304732506,0.21760301
2026-01-29,1769650200,-6,up,0.43,5.0,0.5434906626664149,0.552843
2026-01-29,1769667300,-6,up,0.71,14.084508,0.9989298981388943,0.27558702
2026-01-29,1769679000,-6,down,0.89,4.18,0.9515771006103216,0.103147015
2026-01-29,1769686200,-6,up,0.66,15.151515,0.9999519459771696,0.32429197
2026-01-29,1769691600,-6,down,0.61,16.393442,1.0,-0.626653
2026-01-29,1769692500,-5,up,0.87,11.494253,0.933611624616843,0.12208299
2026-01-30,1769749200,-6,up,0.87,11.494253,0.9982146096603202,0.12208299
2026-01-30,1769776200,-6,up,0.56,10.38,0.6409987677763164,-0.577248
2026-01-30,1769782500,-6,up,0.62,16.129032,0.6927878420734506,0.363508
2026-01-30,1769805000,-6,up,0.49,20.408163,0.8643807688137588,-0.507493
2026-01-30,1769805900,-6,up,0.75,2.49,0.8928360866612196,-0.763125
2026-01-31,1769818500,-5,down,0.45,10.0,0.5599853194249048,-0.467325
2026-01-31,1769873400,-6,up,0.81,12.345679,0.9975798335637688,0.179227
2026-01-31,1769881500,-6,down,0.89,11.235955,0.9923947136941172,0.103147015
2026-02-01,1769926500,-5,down,0.35000002,11.0,0.5331775992634789,-0.365925
2026-02-01,1769961600,-6,down,0.51,19.607843,0.9220811884346699,0.472507
2026-02-02,1770015600,-5,up,0.31,32.258064,0.41857871975582644,-0.32497302
2026-02-02,1770037200,-6,down,0.5,20.0,0.8310258136504459,-0.5175
2026-02-03,1770091200,-6,up,0.39,9.1,0.8955953327433748,0.593347
2026-02-03,1770121800,-6,down,0.73,10.0,0.9726342117671851,0.256203
2026-02-03,1770126300,-5,down,0.45,22.222223,0.568071381078959,-0.467325
2026-02-03,1770130800,-6,up,0.32,31.25,0.5412854804771073,-0.335232
2026-02-03,1770160500,-6,down,0.87,11.494253,0.9996792783665572,0.12208299
2026-02-04,1770173100,-6,down,0.93,10.752688,0.9961487446123832,0.065442994
2026-02-04,1770179400,-5,down,0.52,19.23077,0.5933794604120773,0.46252802
2026-02-04,1770181200,-6,down,0.38,26.31579,0.6652694081968139,-0.396492
2026-02-04,1770198300,-6,up,0.36,27.777777,0.6597500798176179,0.623872
2026-02-04,1770200100,-6,down,0.9,11.111112,0.9918025199722661,0.09370002
2026-02-04,1770205500,-6,down,0.82,12.195122,0.9818448147777885,0.169668
2026-02-04,1770207300,-6,up,0.43,23.255814,0.6449225676266535,-0.447157
2026-02-04,1770209100,-4,down,0.32999998,30.303032,0.43146539399091965,0.654523
2026-02-04,1770218100,-5,up,0.78,12.820514,0.9643064215016275,0.20798802
2026-02-04,1770247800,-6,down,0.52,19.23077,0.9773797912551786,-0.537472
2026-02-05,1770261300,-6,up,0.45,20.0,0.8426176057382433,-0.467325
2026-02-05,1770306300,-6,down,0.63,5.0,0.8379842400846137,0.353683
2026-02-05,1770316200,-6,down,0.33999997,29.411766,0.8230270759277507,0.644292
2026-02-05,1770318000,-4,down,0.66999996,14.925374,0.8457672095757344,0.31452304
2026-02-05,1770319800,-6,down,0.61,16.393442,0.93222990809668,0.37334698
2026-02-05,1770324300,-5,up,0.9,11.111112,0.9957645163017357,0.09370002
2026-02-06,1770380100,-6,down,0.58000004,5.0,0.8649914610580269,0.40294796
2026-02-06,1770411600,-6,down,0.57,17.54386,0.9955037621307056,0.41284302
2026-02-07,1770448500,-6,up,0.61,16.393442,0.7277792331674214,0.37334698
2026-02-07,1770453000,-6,up,0.48,7.82,0.9660490885231952,-0.497472
2026-02-07,1770457500,-4,up,0.88,11.363636,0.9928779775963824,0.112608
2026-02-07,1770459300,-6,up,0.36,9.96,0.9932506752303202,-0.37612802
2026-02-07,1770462000,-6,up,0.58,12.0,0.9613444415865323,-0.597052
2026-02-07,1770462900,-6,up,0.72,13.888888,0.9361320331074406,-0.734112
2026-02-07,1770481800,-6,down,0.65,15.384616,0.993347029432865,-0.66592497
2026-02-07,1770489900,-6,up,0.68,14.705882,0.8576216257579075,-0.69523203
2026-02-07,1770493500,-6,down,0.5,5.0,0.999999999998761,-0.5175
2026-02-07,1770498900,-6,up,0.35,8.0,1.0,-0.36592498
2026-02-07,1770499800,-6,up,0.89,11.235955,0.9999999999988171,-0.89685297
2026-02-07,1770500700,-5,down,0.31,32.258064,0.9366221019241441,-0.32497302
2026-02-07,1770501600,-6,up,0.37,5.0,0.9999993565570569,0.613683
2026-02-07,1770504300,-2,down,0.5,20.0,0.7838743646507915,-0.5175
2026-02-07,1770506100,-4,down,0.9,11.111112,0.9691195869023945,0.09370002
2026-02-08,1770525000,-6,down,0.75,13.333333,0.9790685023091614,-0.763125
2026-02-08,1770543900,-5,up,0.42,10.0,0.9999999999981946,-0.43705198
2026-02-08,1770565500,-4,up,0.94,10.638298,0.9999592998492177,0.056052003
2026-02-08,1770570900,-6,up,0.66,15.151515,0.9999999995488189,-0.67570806
2026-02-08,1770572700,-6,down,0.62,16.129032,0.9979410890468688,0.363508
2026-02-09,1770615900,-6,up,0.91,10.989011,0.9998909663435419,0.084266976
2026-02-09,1770627600,-6,up,0.66,15.151515,0.7783257640877888,-0.67570806
2026-02-09,1770628500,-6,up,0.89,11.235955,0.9896596263458117,0.103147015
2026-02-09,1770637500,-6,down,0.71000004,14.084506,0.9999999999999639,-0.72441304
2026-02-09,1770641100,-2,down,0.5,20.0,0.7074167898685485,0.4825
2026-02-09,1770642900,-6,down,0.73,13.698629,0.9999999933152546,-0.743797
2026-02-09,1770645600,-4,down,0.94,10.638298,0.994113821149886,-0.943948
2026-02-09,1770651900,-6,down,0.73,13.698629,0.9861688578128974,-0.743797
2026-02-09,1770666300,-6,up,0.75,13.333333,0.8840359403120194,0.236875
2026-02-09,1770669900,-6,down,0.65999997,5.0,0.9947955732551562,0.32429203
2026-02-10,1770681600,-6,down,0.32999998,30.303032,0.9999642885003609,-0.34547698
2026-02-10,1770684300,-4,up,0.89,11.235955,0.9999999999944232,0.103147015
2026-02-10,1770687900,-6,down,0.68,3.52,0.9999999998032775,-0.69523203
2026-02-10,1770699600,-6,down,0.82,12.195122,1.0,0.169668
2026-02-10,1770731100,-6,down,0.5,20.0,0.570440625931107,-0.5175
2026-02-10,1770738300,-3,down,0.56,17.857143,0.7269201876786904,-0.577248
2026-02-10,1770741900,-5,down,0.43,23.255814,0.5347785388248004,-0.447157
2026-02-10,1770745500,-6,up,0.9,0.49,0.9806574610517926,0.09370002
2026-02-10,1770750000,-6,up,0.66,15.151515,0.9415285750344196,0.32429197
2026-02-10,1770750900,-5,up,0.45,16.17,0.9682002263914744,0.532675
2026-02-10,1770760800,-6,down,0.32,5.0,0.5021353133747095,0.664768
2026-02-10,1770763500,-4,up,0.89,11.235955,0.9986710338171458,0.103147015
2026-02-10,1770764400,-2,up,0.39,25.641027,0.9999999939217862,0.593347
2026-02-11,1770768000,-5,down,0.94,10.638298,0.9999986249111781,0.056052003
2026-02-11,1770771600,-6,down,0.65,15.384616,0.9945167301610633,-0.66592497
2026-02-11,1770775200,-2,down,0.90999997,3.9,0.9999999999999905,0.084267035
2026-02-11,1770784200,-6,down,0.94,10.638298,0.99996698261462,0.056052003
2026-02-11,1770788700,-6,up,0.36,27.777777,0.5823644994693296,-0.37612802
2026-02-11,1770797700,-6,down,0.77,12.987013,0.9999955982329304,-0.782397
2026-02-11,1770803100,-6,up,0.77,12.987013,0.9572464670372074,0.21760301
2026-02-11,1770811200,-6,up,0.85,11.764706,0.9391057666103857,0.14107499
2026-02-11,1770815700,-6,down,0.8,12.5,1.0,-0.8112
2026-02-11,1770850800,-6,down,0.7,14.285714,0.9999999999926193,0.28530002
2026-02-11,1770853500,-6,down,0.39999998,25.000002,0.6072337254086941,-0.41679996
2026-02-12,1770855300,-6,up,0.58,17.24138,0.9999999999997529,0.40294802
2026-02-12,1770862500,-6,down,0.59000003,16.949152,0.9999855150338923,-0.60693306
2026-02-12,1770876000,-6,up,0.7,14.285714,0.9999967284838819,-0.7147
2026-02-12,1770877800,-6,down,0.69,14.492754,0.9999999976355942,0.295027
2026-02-12,1770890400,-6,down,0.72,3.12,0.9999999999999997,0.26588798
2026-02-12,1770896700,-5,up,0.91,10.989011,0.9999999999998855,0.084266976
2026-02-12,1770897600,-6,down,0.90999997,10.989012,0.9993296692860196,0.084267035
2026-02-12,1770901200,-5,up,0.58,0.41,0.849582729816468,-0.597052
2026-02-12,1770932700,-5,down,0.39,25.641027,0.6648349609103078,-0.406653
2026-02-12,1770937200,-5,down,0.33999997,5.0,0.9999999999999998,-0.35570797
2026-02-13,1770945300,-6,down,0.90999997,10.989012,0.9840636072617323,0.084267035
2026-02-13,1770947100,-3,up,0.68,14.705882,0.9978225279008089,0.304768
2026-02-13,1770957900,-6,down,0.94,10.638298,0.9954641896895556,0.056052003
2026-02-13,1770964200,-6,down,0.92,10.869565,0.9999991703564243,0.07484798
2026-02-13,1770966900,-4,down,0.79,6.52,1.0,0.19838698
2026-02-13,1770977700,-6,down,0.93,10.752688,0.9972517718787524,-0.934557
2026-02-13,1770985800,-5,down,0.51,5.0,0.6925835529496673,0.472507
2026-02-13,1770986700,-5,up,0.35,22.0,0.5320565306367272,-0.36592498
2026-02-13,1770989400,-5,down,0.78,12.820514,0.8950359969798057,0.20798802
2026-02-13,1770993000,-6,down,0.53999996,18.51852,0.9010127057986943,-0.55738795
2026-02-13,1770996600,-6,down,0.45,22.222223,0.999999999224511,0.532675
2026-02-13,1770999300,-6,down,0.76,8.81,0.8924001929527978,-0.772768
2026-02-13,1771002900,-3,down,0.55,5.0,0.7545529542218214,-0.567325
2026-02-13,1771005600,-4,down,0.7,14.285714,0.7815346308094713,0.28530002
2026-02-13,1771009200,-3,up,0.93,10.752688,0.9996302096492723,0.065442994
2026-02-13,1771011900,-6,up,0.72,13.888888,0.9488738829427008,-0.734112
2026-02-13,1771013700,-4,down,0.45,22.222223,0.9458276263387321,-0.467325
2026-02-13,1771014600,-6,up,0.58,17.24138,0.8206545726237218,0.40294802
2026-02-13,1771015500,-6,down,0.39999998,25.000002,0.9992515034922702,0.58320004
2026-02-13,1771019100,-3,down,0.90999997,10.989012,0.9972639013779988,0.084267035
2026-02-13,1771021800,-6,up,0.9,5.0,0.999173116796103,0.09370002
2026-02-13,1771023600,-6,down,0.9,11.111112,1.0,0.09370002
2026-02-13,1771024500,-4,down,0.51,19.607843,0.8376177568545571,0.472507
2026-02-13,1771026300,-4,up,0.94,10.638298,1.0,0.056052003
2026-02-14,1771027200,-6,down,0.6,16.666666,0.7912258270870978,-0.6168
2026-02-14,1771029900,-3,up,0.41,12.68,1.0,0.573067
2026-02-14,1771033500,-6,down,0.89,11.235955,1.0,0.103147015
2026-02-14,1771034400,-6,up,0.56,13.81,0.9967235507043465,0.422752
2026-02-14,1771046100,-6,up,0.94,10.638298,0.9999998828509857,0.056052003
2026-02-14,1771062300,-6,down,0.9,11.111112,0.9938196945857402,0.09370002
2026-02-14,1771065000,-6,down,0.85,11.764706,0.9873568273045128,0.14107499
2026-02-14,1771076700,-6,down,0.55,18.181818,0.8775220308363061,-0.567325
2026-02-14,1771077600,-6,down,0.37,27.027027,0.4889178286276811,-0.386317
2026-02-14,1771078500,-6,down,0.56,17.857143,0.9293871945294567,0.422752
2026-02-14,1771080300,-6,up,0.86,11.627907,0.9999990364443884,0.131572
2026-02-14,1771093800,-6,up,0.73,13.698629,1.0,-0.743797
2026-02-14,1771096500,-6,up,0.48,5.91,1.0,0.50252795
2026-02-14,1771098300,-6,down,0.48000002,20.833332,1.0,-0.49747202
2026-02-14,1771099200,-5,down,0.5,20.0,0.9999999999999672,0.4825
2026-02-14,1771100100,-5,down,0.44,22.727272,0.9005773923399807,-0.457248
2026-02-14,1771107300,-4,down,0.89,5.0,1.0,0.103147015
2026-02-14,1771109100,-6,down,0.68,14.705882,0.9633662870632104,0.304768
2026-02-14,1771110000,-6,down,0.33999997,29.411766,0.9999715175658259,-0.35570797
2026-02-14,1771112700,-6,down,0.53999996,14.96,0.9999999999997526,0.44261205
2026-02-15,1771115400,-6,down,0.92,10.869565,0.9999999999994443,0.07484798
2026-02-15,1771122600,-6,up,0.94,5.0,0.9991180855783522,0.056052003
2026-02-15,1771125300,-6,down,0.39,13.44,0.984985670212238,0.593347
2026-02-15,1771137000,-6,up,0.57,17.54386,0.9999999993257279,-0.587157
2026-02-15,1771151400,-3,down,0.72,13.888888,0.8612979148841737,-0.734112
2026-02-15,1771152300,-6,down,0.94,10.638298,0.999999822335203,0.056052003
2026-02-15,1771153200,-6,up,0.41,24.390244,0.999999999929943,-0.426933
2026-02-15,1771154100,-6,down,0.86,11.627907,1.0,0.131572
2026-02-15,1771155000,-6,down,0.92,10.869565,1.0,0.07484798
2026-02-15,1771166700,-2,down,0.31,13.0,0.7245842839856009,0.675027
2026-02-15,1771173900,-6,up,0.45,22.222223,1.0,-0.467325
2026-02-15,1771191000,-6,down,0.85,11.764706,0.9999999999997644,0.14107499
2026-02-16,1771221600,-3,down,0.93,10.752688,0.9999999999994652,0.065442994
2026-02-16,1771224300,-6,down,0.90999997,6.07,0.9999999251868108,0.084267035
2026-02-16,1771231500,-6,down,0.73,13.698629,0.8023018309394832,0.256203
2026-02-16,1771238700,-6,up,0.94,10.638298,0.9999057680007783,0.056052003
2026-02-16,1771250400,-6,up,0.85,4.64,0.9680563422242936,0.14107499
2026-02-16,1771269300,-2,down,0.94,10.638298,0.9974063851636262,0.056052003
2026-02-16,1771281000,-6,up,0.49,20.408163,0.662392391903317,0.49250698
2026-02-17,1771288200,-6,down,0.78,9.49,0.9597155179115764,0.20798802
2026-02-17,1771290000,-6,up,0.88,5.28,0.994946705819319,0.112608
2026-02-17,1771290900,-4,down,0.93,10.752688,1.0,0.065442994
2026-02-17,1771315200,-6,down,0.66999996,14.925374,0.7441721475234044,-0.68547696
2026-02-17,1771322400,-6,down,0.84000003,5.0,0.9999999999995273,0.15059197
2026-02-17,1771326900,-2,up,0.81,12.345679,0.9553688698763969,0.179227
2026-02-17,1771336800,-6,down,0.93,10.752688,0.9997152054054017,0.065442994
2026-02-17,1771340400,-6,down,0.90999997,4.8,0.99693123436711,0.084267035
2026-02-17,1771341300,-6,up,0.89,11.235955,0.9473951936670009,0.103147015
2026-02-17,1771371900,-6,down,0.94,10.638298,0.9999999999996027,0.056052003
2026-02-18,1771377300,-6,down,0.93,5.0,1.0,0.065442994
2026-02-18,1771379100,-6,down,0.61,16.393442,0.9956027753821218,0.37334698
2026-02-18,1771386300,-6,up,0.6,16.666666,0.989118141424281,-0.6168
2026-02-18,1771408800,-6,up,0.78,0.37,0.9874561139477778,0.20798802
2026-02-18,1771411500,-3,up,0.69,14.492754,0.9999569258860999,0.295027
2026-02-18,1771440300,-4,down,0.52,19.23077,0.7837136922875785,-0.537472
2026-02-18,1771454700,-2,up,0.44,5.0,0.7341593953293829,0.542752
2026-02-18,1771458300,-6,up,0.88,7.76,0.9949741196410999,-0.887392
2026-02-19,1771460100,-6,down,0.92,10.869565,0.9881288974717574,0.07484798
2026-02-19,1771463700,-3,down,0.90999997,10.989012,0.9717207733096408,0.084267035
2026-02-19,1771473600,-3,up,0.87,11.494253,0.9753505038123274,0.12208299
2026-02-19,1771479000,-4,up,0.89,11.235955,1.0,0.103147015
2026-02-19,1771490700,-6,up,0.9,11.111112,0.9999669581465164,0.09370002
2026-02-19,1771496100,-6,up,0.6,12.0,0.9779993511426047,-0.6168
2026-02-19,1771522200,-6,up,0.84,1.01,0.9969512234882059,-0.849408
2026-02-19,1771526700,-6,up,0.87,11.494253,0.9683347608385046,0.12208299
2026-02-19,1771533000,-3,up,0.31,3.0,0.9999999999976031,0.675027
2026-02-20,1771552800,-6,down,0.41000003,24.390242,0.7954840883491774,-0.42693302
2026-02-20,1771586100,-6,up,0.9,7.35,0.9992055522751485,0.09370002
2026-02-20,1771598700,-4,down,0.37,5.0,0.912843051081087,0.613683
2026-02-20,1771615800,-6,down,0.8,3.26,0.9083086042801416,0.18879999
2026-02-20,1771623000,-5,up,0.91,5.0,0.990771366884277,0.084266976
2026-02-21,1771641000,-6,down,0.65,15.384616,1.0,-0.66592497
2026-02-21,1771651800,-6,down,0.94,4.83,0.9999999933714585,0.056052003
2026-02-21,1771652700,-6,down,0.45999998,5.0,0.9999866473830955,-0.47738796
2026-02-21,1771695900,-4,down,0.37,5.0,0.9999999988328421,-0.386317
2026-02-21,1771699500,-5,up,0.31,32.258064,0.9999941490468397,0.675027
2026-02-21,1771701300,-2,down,0.94,10.638298,0.9999779586058952,0.056052003
2026-02-21,1771712100,-6,up,0.91,10.989011,1.0,0.084266976
2026-02-22,1771743600,-5,down,0.75,13.333333,1.0,0.236875
2026-02-22,1771747200,-6,down,0.86,3.37,0.9999999999970862,0.131572
2026-02-22,1771749900,-4,up,0.94,10.638298,0.9999575628878281,-0.943948
2026-02-22,1771768800,-3,down,0.62,16.129032,0.6963769937284008,-0.636492
2026-02-22,1771771500,-4,down,0.68,6.05,0.7627625469752282,-0.69523203
2026-02-22,1771787700,-5,up,0.94,10.638298,0.9996979267028308,0.056052003
2026-02-22,1771800300,-6,down,0.89,11.235955,0.9978715143954713,0.103147015
2026-02-23,1771804800,-6,down,0.85,6.0,0.9638916302751747,0.14107499
2026-02-23,1771808400,-6,down,0.56,17.857143,1.0,0.422752
2026-02-23,1771812900,-6,down,0.36,12.45,0.9647258845236606,-0.37612802
2026-02-23,1771832700,-4,up,0.93,10.752688,0.9998419199369227,0.065442994
2026-02-23,1771852500,-6,up,0.72,13.888888,0.8564075612533186,0.26588798
2026-02-23,1771860600,-4,down,0.84000003,10.0,0.9157342192786797,0.15059197
2026-02-24,1771960500,-5,up,0.88,11.363636,0.9455477065968414,-0.887392
2026-02-25,1772006400,-6,up,0.39,15.0,0.79859932583994,-0.406653
2026-02-25,1772010900,-6,up,0.75,13.333333,0.9211822568979501,0.236875
2026-02-26,1772069400,-5,down,0.31,13.09,0.9090428980324678,0.675027
2026-02-27,1772195400,-6,up,0.48,15.0,0.9999839478133353,-0.497472
2026-02-27,1772196300,-6,up,0.34,2.91,0.6768071740656006,0.644292
2026-02-27,1772203500,-5,up,0.88,5.0,0.9940831547552189,0.112608
2026-02-27,1772216100,-6,up,0.92,10.0,0.9969659601032795,0.07484798
2026-02-28,1772243100,-3,up,0.74,13.513514,0.9989650473275411,-0.75346804
2026-02-28,1772246700,-6,down,0.76,13.157895,0.8499211914970954,0.22723201
2026-02-28,1772253000,-6,down,0.90999997,10.989012,1.0,0.084267035
2026-02-28,1772282700,-6,down,0.92,7.82,0.9919648568294853,-0.925152
2026-02-28,1772293500,-6,up,0.81,6.0,0.9674355317518767,0.179227
2026-02-28,1772307900,-6,down,0.75,13.333333,0.8272874941379484,0.236875
2026-03-01,1772386200,-6,down,0.59000003,16.949152,0.8236854067588053,0.39306697
2026-03-01,1772388900,-6,up,0.83,5.61,0.9999985061768657,0.16012302
2026-03-01,1772401500,-5,down,0.78,12.820514,0.881403447731562,-0.792012
2026-03-02,1772433000,-6,down,0.86,11.627907,0.9789528487761179,0.131572
2026-03-02,1772437500,-6,down,0.89,11.235955,0.9864675443798475,-0.89685297
2026-03-02,1772442900,-6,up,0.91,10.989011,0.9785934175835503,0.084266976
2026-03-02,1772447400,-6,down,0.7,14.285714,0.9951218750898925,-0.7147
2026-03-02,1772448300,-6,up,0.92,10.869565,0.9885311662651163,0.07484798
2026-03-02,1772455500,-6,down,0.87,11.494253,0.9820278124096565,0.12208299
2026-03-02,1772470800,-6,down,0.7,3.96,0.8488847650836655,0.28530002
2026-03-02,1772471700,-6,down,0.83,12.048193,0.8987041532927447,0.16012302
2026-03-02,1772474400,-3,up,0.46,21.73913,0.7260687091745714,-0.477388
2026-03-02,1772476200,-6,down,0.43,23.255814,0.8513293210974027,-0.447157
2026-03-02,1772487900,-3,down,0.39999998,18.0,1.0,0.58320004
2026-03-02,1772491500,-6,up,0.43,15.05,0.6965798195341869,0.552843
2026-03-02,1772495100,-5,up,0.94,5.0,0.9997119430019412,0.056052003
2026-03-03,1772496000,-6,down,0.90999997,10.989012,0.9851274239775979,0.084267035
2026-03-03,1772496900,-6,down,0.45999998,7.87,0.9394063854125114,0.52261204
2026-03-03,1772505000,-6,up,0.6,3.16,0.7519724251257514,0.3832
2026-03-03,1772506800,-6,down,0.94,10.638298,0.9999995777932705,0.056052003
2026-03-03,1772510400,-6,down,0.82,12.195122,0.9977484761363782,0.169668
2026-03-03,1772517600,-6,down,0.33999997,13.8,0.5269161182423955,-0.35570797
2026-03-03,1772532900,-6,up,0.41,24.390244,0.9999874340987742,0.573067
2026-03-03,1772564400,-6,down,0.55,18.181818,0.6228656629878324,0.432675
2026-03-04,1772593200,-6,down,0.37,4.32,0.9931979151277903,0.613683
2026-03-04,1772598600,-6,up,0.8,3.75,0.9958761493376185,0.18879999
2026-03-04,1772603100,-6,up,0.52,10.05,0.7310237987907382,-0.537472
2026-03-04,1772604000,-4,up,0.54,18.518518,0.6859537482598634,-0.557388
2026-03-04,1772624700,-6,up,0.65,14.36,0.9080066598502484,0.33407503
2026-03-04,1772655300,-6,up,0.85,11.764706,0.9850544521027906,0.14107499
2026-03-04,1772658000,-6,up,0.66,15.151515,0.9999816870795591,-0.67570806
2026-03-04,1772665200,-6,down,0.32999998,30.303032,0.4007698735796503,-0.34547698
2026-03-05,1772689500,-6,down,0.84000003,11.904761,0.9203850168529388,0.15059197
2026-03-05,1772698500,-6,up,0.6,16.666666,0.9999920639326005,0.3832
2026-03-05,1772717400,-6,down,0.42000002,23.809523,0.9998920221347766,-0.437052
2026-03-05,1772727300,-6,down,0.75,13.0,0.8365804931571497,0.236875
2026-03-05,1772748900,-6,down,0.55,18.181818,0.9999899159940168,0.432675
2026-03-05,1772752500,-6,up,0.93,10.752688,0.9999998920301132,0.065442994
2026-03-06,1772757000,-6,up,0.87,11.494253,0.9581412868901106,-0.877917
2026-03-06,1772763300,-5,up,0.47,8.91,0.5828664473972227,0.512563
2026-03-06,1772768700,-4,down,0.93,10.752688,0.9947292768957756,0.065442994
2026-03-06,1772784900,-2,up,0.67,14.925373,0.9599101880850093,0.31452298
2026-03-06,1772795700,-5,up,0.73,8.0,0.9096462260171156,0.256203
2026-03-06,1772803800,-6,up,0.81,12.345679,0.9997716478248634,0.179227
2026-03-06,1772826300,-6,down,0.84000003,10.05,0.9524791982821114,0.15059197
2026-03-06,1772835300,-5,down,0.65999997,15.151516,0.7430130437516123,0.32429203
2026-03-06,1772838000,-6,up,0.93,5.35,0.993616767702687,0.065442994
2026-03-06,1772838900,-6,down,0.92,10.869565,1.0,-0.925152
2026-03-07,1772842500,-6,down,0.6,16.666666,0.7192521201401533,0.3832
2026-03-07,1772846100,-6,down,0.83,12.048193,0.999952783820829,0.16012302
2026-03-07,1772874900,-6,down,0.86,9.07,0.9999268576103045,0.131572
2026-03-07,1772879400,-2,down,0.88,11.363636,0.9999998122947115,0.112608
2026-03-07,1772889300,-4,down,0.88,11.363636,0.9999999756026645,0.112608
2026-03-07,1772894700,-6,up,0.41,24.390244,0.49280917230791893,-0.426933
2026-03-07,1772896500,-6,up,0.5,7.84,0.5815994492759315,0.4825
2026-03-07,1772901900,-6,down,0.5,10.0,0.7118350256820305,-0.5175
2026-03-07,1772904600,-2,down,0.39999998,22.11,0.5077237118438702,-0.41679996
2026-03-07,1772907300,-5,down,0.61,16.393442,0.8256792809858414,-0.626653
2026-03-07,1772911800,-6,down,0.82,12.195122,0.9179346943017894,0.169668
2026-03-07,1772916300,-6,up,0.66,15.05,0.9309612393766433,-0.67570806
2026-03-07,1772917200,-4,down,0.72,13.888888,0.8581702047341414,-0.734112
2026-03-07,1772922600,-5,down,0.58000004,17.241379,0.8654314405132044,0.40294796
2026-03-07,1772923500,-3,up,0.36,27.777777,0.9887974390442235,0.623872
2026-03-08,1772932500,-6,down,0.5,10.0,0.9999952101184205,0.4825
2026-03-08,1772940600,-4,down,0.85,6.17,0.9843352162136125,0.14107499
2026-03-08,1772941500,-6,down,0.64,11.51,0.9128771407430563,-0.656128
2026-03-08,1772943300,-6,down,0.64,15.625,0.7271932177488427,0.343872
2026-03-08,1772954100,-6,down,0.68,7.58,0.7670651335499485,0.304768
2026-03-08,1772955900,-3,up,0.83,12.048193,0.997838767414684,0.16012302
2026-03-08,1772982000,-5,up,0.64,15.625,0.942285749420723,0.343872
2026-03-08,1772983800,-6,up,0.41,20.0,0.9999998743554206,0.573067
2026-03-08,1772984700,-6,up,0.76,5.0,1.0,0.22723201
2026-03-08,1772986500,-4,up,0.46,7.82,0.9999999979844346,0.522612
2026-03-08,1772991000,-6,down,0.83,5.0,0.9999990949054953,0.16012302
2026-03-08,1772991900,-6,down,0.85,11.764706,0.9999999999999332,-0.85892504
2026-03-08,1772993700,-6,up,0.47,15.0,0.999999858897667,0.512563
2026-03-08,1772995500,-6,up,0.38,9.81,0.989221174175669,0.603508
2026-03-08,1773006300,-2,down,0.35000002,28.571426,0.6665784706218321,0.634075
2026-03-09,1773018000,-6,down,0.61,16.393442,0.7784976518340041,0.37334698
2026-03-09,1773021600,-4,down,0.90999997,10.989012,0.9947191171638935,0.084267035
2026-03-09,1773030600,-6,down,0.86,11.627907,0.9999999939642638,0.131572
2026-03-09,1773035100,-6,down,0.88,11.363636,0.992513566547072,0.112608
2026-03-09,1773040500,-5,up,0.74,5.0,0.8864807512223085,0.246532
2026-03-09,1773045000,-6,up,0.44,5.01,0.9262570225462342,-0.457248
2026-03-09,1773045900,-5,up,0.36,12.0,0.7827471054066633,0.623872
2026-03-09,1773046800,-6,down,0.53,18.867926,0.6737208762841596,-0.54743695
2026-03-09,1773068400,-6,down,0.75,13.333333,0.994750825680996,-0.763125
2026-03-09,1773085500,-6,up,0.81,12.345679,0.9842578614187573,0.179227
2026-03-09,1773086400,-6,down,0.84000003,11.904761,0.9824925849923956,-0.84940803
2026-03-09,1773092700,-6,up,0.35,28.571428,0.74937800034754,-0.36592498
2026-03-09,1773094500,-6,up,0.68,14.705882,0.9999999999999998,0.304768
2026-03-10,1773106200,-6,down,0.75,13.333333,0.9999999946121568,-0.763125
2026-03-10,1773112500,-6,down,0.57,17.54386,0.9999999999107521,0.41284302
2026-03-10,1773116100,-3,up,0.63,3.86,0.9999999769769145,0.353683
2026-03-10,1773125100,-6,up,0.4,9.66,0.9925411255486396,-0.41680002
2026-03-10,1773127800,-3,up,0.56,17.857143,0.6831075101964197,0.422752
2026-03-10,1773135900,-6,up,0.89,11.235955,0.9914893175673738,-0.89685297
2026-03-10,1773138600,-5,down,0.78,10.0,0.9649461957985419,0.20798802
2026-03-10,1773143100,-6,up,0.49,20.408163,0.9753779091909114,0.49250698
2026-03-10,1773150300,-6,up,0.55,18.181818,0.9885375750482202,0.432675
2026-03-10,1773162000,-6,up,0.34,29.411764,0.46748580262703643,-0.355708
2026-03-10,1773166500,-6,down,0.88,11.363636,0.9965515872648137,0.112608
2026-03-10,1773171000,-6,up,0.84,11.904762,0.9812431026658435,0.15059203
2026-03-10,1773180900,-6,up,0.39,19.0,0.9999999997271286,0.593347
2026-03-10,1773181800,-6,up,0.34,28.44,0.9999950198694482,-0.355708
2026-03-10,1773184500,-6,up,0.65,15.384616,0.9787154355566627,0.33407503
2026-03-10,1773186300,-6,up,0.94,10.638298,0.9974574444083065,0.056052003
2026-03-11,1773188100,-6,up,0.32,25.73,0.8779624764591488,0.664768
2026-03-11,1773190800,-3,down,0.64,15.625,0.9120290509916478,-0.656128
2026-03-11,1773207900,-6,down,0.94,10.638298,0.9991510698966166,0.056052003
2026-03-11,1773210600,-6,up,0.79,12.658228,0.9999643193870109,0.19838698
2026-03-11,1773218700,-5,down,0.44,22.727272,0.6307429543519842,0.542752
2026-03-11,1773220500,-6,down,0.8,5.44,0.9545685499684324,0.18879999
2026-03-11,1773223200,-6,down,0.32,16.0,0.4843550372388805,-0.335232
2026-03-11,1773224100,-6,down,0.9,11.111112,0.9937033454781797,0.09370002
2026-03-11,1773226800,-6,down,0.72,13.888888,0.8502448117164154,0.26588798
2026-03-11,1773228600,-6,down,0.53999996,8.0,0.8213491969397126,0.44261205
2026-03-11,1773230400,-3,down,0.89,11.235955,0.9863489217943173,0.103147015
2026-03-11,1773245700,-6,up,0.5,20.0,0.6275611246317381,0.4825
2026-03-11,1773251100,-5,down,0.92,10.869565,0.9792439142957269,0.07484798
2026-03-11,1773260100,-6,up,0.58,17.24138,0.9019665841244995,0.40294802
2026-03-11,1773263700,-3,down,0.37,27.027027,0.6513250196469158,-0.386317
2026-03-11,1773264600,-6,up,0.82,12.195122,0.9999993036293459,-0.830332
2026-03-11,1773269100,-6,down,0.41000003,5.6,0.8594788324872817,-0.42693302
2026-03-12,1773273600,-6,up,0.83,12.048193,1.0,0.16012302
2026-03-12,1773274500,-6,up,0.5,4.01,0.9704962055568048,-0.5175
2026-03-12,1773275400,-5,up,0.94,10.0,0.9999999999998996,0.056052003
2026-03-12,1773278100,-3,down,0.89,8.8,0.9964007990089124,0.103147015
2026-03-12,1773294300,-5,down,0.87,11.494253,0.9999999999910602,0.12208299
2026-03-12,1773295200,-6,down,0.88,11.363636,1.0,0.112608
2026-03-12,1773297900,-6,down,0.41000003,24.390242,0.9332029892302541,-0.42693302
2026-03-12,1773298800,-6,up,0.44,22.727272,0.8414543588392032,0.542752
2026-03-12,1773304200,-6,down,0.77,12.987013,0.9349294959296794,-0.782397
2026-03-12,1773309600,-6,up,0.85,11.764706,0.9809944853849498,0.14107499
2026-03-12,1773313200,-6,up,0.5,6.03,0.8003948677087499,0.4825
2026-03-12,1773326700,-4,up,0.4,17.0,0.5554351527229215,0.58320004
2026-03-12,1773333900,-6,up,0.55,13.5,0.8045572182402353,0.432675
2026-03-12,1773351000,-5,down,0.84000003,11.904761,0.9384784567565982,0.15059197
2026-03-12,1773351900,-6,up,0.45,22.222223,0.882637733622933,-0.467325
2026-03-12,1773353700,-6,down,0.45,22.222223,0.9999960822000663,0.532675
2026-03-13,1773369900,-5,down,0.39,25.641027,0.9999999880794931,0.593347
2026-03-13,1773377100,-6,up,0.39,13.38,0.6779204023175868,-0.406653
2026-03-13,1773398700,-5,down,0.89,11.235955,0.9999536460598248,0.103147015
2026-03-13,1773401400,-6,down,0.86,11.627907,0.9854004314951229,0.131572
2026-03-13,1773404100,-6,down,0.37,27.027027,0.6268245168517668,0.613683
2026-03-13,1773433800,-6,down,0.43,23.255814,0.8263306552187828,-0.447157
2026-03-13,1773438300,-6,down,0.79,12.658228,0.9696522910598827,0.19838698
2026-03-13,1773445500,-6,down,0.88,11.363636,0.9834891588020735,0.112608
2026-03-14,1773446400,-6,down,0.92,10.869565,1.0,0.07484798
2026-03-14,1773453600,-6,up,0.94,10.638298,0.9993273890255644,0.056052003
2026-03-14,1773456300,-6,up,0.74,9.88,0.9343480322738366,0.246532
2026-03-14,1773459900,-6,down,0.85,9.33,1.0,0.14107499
2026-03-14,1773461700,-6,up,0.73,13.698629,0.8076354145574456,0.256203
2026-03-14,1773465300,-6,down,0.8,12.5,0.9732714511665412,-0.8112
2026-03-14,1773479700,-2,up,0.89,11.235955,0.9908661940639885,-0.89685297
2026-03-14,1773486900,-5,down,0.77,6.57,0.8526123684527753,0.21760301
2026-03-14,1773489600,-6,down,0.39999998,16.1,0.9851076850503966,-0.41679996
2026-03-14,1773490500,-3,down,0.62,16.129032,1.0,0.363508
2026-03-14,1773493200,-6,up,0.6,15.87,0.8904358698409018,-0.6168
2026-03-14,1773495900,-6,up,0.63,5.0,0.9999974378693661,-0.646317
2026-03-14,1773499500,-6,down,0.53,18.867926,0.7238951398689212,0.45256302
2026-03-14,1773501300,-6,down,0.8,5.0,0.9999769311224672,-0.8112
2026-03-15,1773533700,-6,down,0.8,12.5,0.8798112090673882,0.18879999
2026-03-15,1773534600,-6,up,0.49,20.408163,0.9999990967899082,0.49250698
2026-03-15,1773536400,-6,down,0.93,10.752688,0.9999999999999687,0.065442994
2026-03-15,1773537300,-6,down,0.58000004,17.241379,0.9996792447168628,0.40294796
2026-03-15,1773538200,-6,down,0.85,11.764706,0.9940801058716145,0.14107499
2026-03-15,1773543600,-6,down,0.57,9.89,0.6927615286637425,-0.587157
2026-03-15,1773545400,-3,up,0.66,5.0,0.9051534424845005,-0.67570806
2026-03-15,1773549000,-5,up,0.9,11.111112,0.9974020367520978,0.09370002
2026-03-15,1773549900,-6,down,0.59000003,16.949152,0.9687401188755166,0.39306697
2026-03-15,1773560700,-6,up,0.86,11.627907,0.9455053028521815,0.131572
2026-03-15,1773573300,-6,down,0.65,10.0,0.9999728719027822,0.33407503
2026-03-15,1773576900,-3,up,0.75,13.333333,1.0,0.236875
2026-03-15,1773598500,-6,down,0.36,27.777777,0.5600494181951929,-0.37612802
2026-03-16,1773621000,-6,up,0.65,15.384616,0.914702101840941,0.33407503
2026-03-16,1773621900,-6,up,0.47,15.0,0.998116346882521,0.512563
2026-03-16,1773630000,-6,up,0.75,13.333333,0.9991701388925095,0.236875
2026-03-16,1773641700,-3,down,0.49,20.408163,0.772618722551265,-0.507493
2026-03-16,1773651600,-6,down,0.6,10.59,0.7486767920571161,-0.6168
2026-03-16,1773697500,-6,down,0.9,8.48,0.9931603430206454,0.09370002
2026-03-16,1773701100,-5,down,0.82,12.195122,0.9994362243517072,0.169668
2026-03-17,1773711900,-6,down,0.94,10.638298,0.9999856675288441,0.056052003
2026-03-17,1773732600,-3,up,0.34,15.0,0.9984889181442478,-0.355708
2026-03-17,1773743400,-6,up,0.63,15.873016,0.7766140593537761,-0.646317
2026-03-17,1773744300,-6,down,0.9,11.111112,0.987218095007625,0.09370002
2026-03-17,1773754200,-5,up,0.77,12.987013,0.8713073494139145,0.21760301
2026-03-17,1773762300,-6,up,0.89,11.235955,0.9938607206529265,0.103147015
2026-03-17,1773783900,-6,down,0.92,10.869565,1.0,0.07484798
2026-03-18,1773821700,-6,down,0.45999998,6.0,0.9346835162999649,-0.47738796
2026-03-18,1773825300,-5,down,0.90999997,10.989012,0.9996834981974334,0.084267035
2026-03-18,1773850500,-2,down,0.92,10.869565,0.9797118148493184,0.07484798
2026-03-18,1773863100,-6,down,0.83,12.048193,0.9997699102445744,-0.839877
2026-03-18,1773874800,-2,up,0.87,11.494253,0.9999999999004209,0.12208299
2026-03-18,1773877500,-6,down,0.88,11.363636,0.9999999999997269,0.112608
2026-03-19,1773882000,-6,down,0.56,17.857143,0.9993371685158577,0.422752
2026-03-19,1773896400,-6,down,0.93,5.0,0.9999999960051015,0.065442994
2026-03-19,1773950400,-6,up,0.93,5.0,1.0,0.065442994
2026-03-20,1773966600,-6,up,0.5,20.0,1.0,0.4825
2026-03-20,1773969300,-6,down,0.58000004,17.241379,0.8504897461418043,0.40294796
2026-03-20,1773973800,-6,up,0.941,1.77,0.9999954622619859,0.055113684
2026-03-20,1773975600,-6,down,0.71000004,5.0,0.9927567182454508,0.27558696
2026-03-20,1773980100,-6,down,0.39999998,25.000002,0.521579655595076,-0.41679996
2026-03-20,1773989100,-6,up,0.87,11.494253,0.9999938037712544,0.12208299
2026-03-20,1773992700,-4,up,0.41,24.390244,0.7505701983500481,0.573067
2026-03-20,1774010700,-5,down,0.9,11.111112,0.996368020910569,0.09370002
2026-03-20,1774011600,-6,down,0.92,5.0,0.9882891614789696,0.07484798
2026-03-20,1774034100,-5,up,0.31,5.0,0.45606197838954887,-0.32497302
2026-03-20,1774045800,-5,up,0.66,15.151515,0.9396852795164933,0.32429197
2026-03-21,1774054800,-6,down,0.9,11.111112,0.9999836948846086,0.09370002
2026-03-21,1774058400,-6,up,0.93,10.752688,1.0,0.065442994
2026-03-21,1774064700,-6,up,0.84,11.904762,0.9931459599153364,0.15059203
2026-03-21,1774066500,-5,down,0.88,11.363636,0.9512728661903702,0.112608
2026-03-21,1774068300,-6,down,0.8,12.5,0.9527876406406439,0.18879999
2026-03-21,1774071000,-6,down,0.74,13.513514,0.999625991591619,0.246532
2026-03-21,1774074600,-6,down,0.72,5.0,1.0,0.26588798
2026-03-21,1774080000,-6,down,0.72,5.0,0.9830503320319192,0.26588798
2026-03-21,1774093500,-6,up,0.93,0.01,1.0,0.065442994
2026-03-21,1774103400,-5,up,0.93,10.752688,0.9976429588731266,0.065442994
2026-03-21,1774107900,-6,up,0.86,11.627907,0.9999608559036725,0.131572
2026-03-21,1774123200,-6,up,0.43,7.0,0.9304543915562777,0.552843
2026-03-21,1774125000,-4,up,0.9,11.111112,0.9996840552014864,0.09370002
2026-03-21,1774125900,-6,down,0.87,11.494253,1.0,0.12208299
2026-03-21,1774128600,-3,down,0.92,10.869565,0.9984131092114356,0.07484798
2026-03-22,1774154700,-6,down,0.74,13.513514,1.0,-0.75346804
2026-03-22,1774177200,-5,up,0.9,11.111112,0.9999885013042148,0.09370002
2026-03-22,1774189800,-6,down,0.44,5.09,0.9481080752170199,-0.457248
2026-03-22,1774201500,-3,up,0.49,20.408163,0.8767465371427541,-0.507493
2026-03-22,1774214100,-5,up,0.91,6.0,0.9993181824840407,0.084266976
2026-03-22,1774216800,-5,up,0.89,11.235955,0.9587394784230362,0.103147015
2026-03-22,1774220400,-6,down,0.5,20.0,0.9244454983569044,-0.5175
2026-03-22,1774222200,-5,up,0.9,11.111112,0.9999999729562161,0.09370002
2026-03-23,1774236600,-6,down,0.39999998,25.000002,0.9337087450882045,0.58320004
2026-03-23,1774243800,-6,down,0.9,11.111112,0.9999999994529105,0.09370002
2026-03-23,1774251900,-6,down,0.48000002,20.833332,0.7860882031567624,0.50252795
2026-03-23,1774269900,-3,up,0.86,11.627907,0.9825988244150863,0.131572
2026-03-23,1774270800,-6,down,0.65,14.0,0.9735806799682624,-0.66592497
2026-03-23,1774276200,-5,up,0.86,1.87,0.9601688600223249,0.131572
2026-03-25,1774402200,-6,down,0.81,12.345679,0.9362883079203151,0.179227
2026-03-25,1774407600,-6,down,0.94,10.638298,0.9940149091476803,0.056052003
2026-03-25,1774423800,-6,down,0.43,15.12,0.7836233489000191,0.552843
2026-03-25,1774431000,-6,down,0.74,13.513514,0.9998903078871353,0.246532
2026-03-25,1774449000,-6,down,0.44,20.0,0.9334011735985273,-0.457248
2026-03-25,1774467000,-6,down,0.90999997,10.989012,0.9999908285289547,0.084267035
2026-03-26,1774489500,-6,up,0.91,10.989011,0.9999999999928352,-0.91573304
2026-03-26,1774499400,-6,up,0.43,23.255814,0.84219317096594,-0.447157
2026-03-26,1774505700,-6,down,0.82,12.195122,0.9898106667756695,0.169668
2026-03-26,1774515600,-6,down,0.64,15.625,0.9786536046395344,-0.656128
2026-03-26,1774516500,-6,up,0.35,20.0,0.8920040695231598,-0.36592498
2026-03-26,1774519200,-6,down,0.48000002,20.0,0.6316089450246074,-0.49747202
2026-03-26,1774534500,-6,up,0.77,12.987013,0.8422241388790039,0.21760301
2026-03-26,1774544400,-6,down,0.56,17.857143,0.9069789639931969,0.422752
2026-03-26,1774557000,-6,down,0.65,13.0,0.9954343636472756,0.33407503
2026-03-27,1774575000,-5,down,0.92,10.869565,0.9855402459462084,0.07484798
2026-03-27,1774586700,-6,down,0.72,13.888888,0.9272271680001994,0.26588798
2026-03-27,1774615500,-5,down,0.44,22.727272,0.900588217665119,-0.457248
2026-03-27,1774633500,-6,up,0.6,12.5,0.9876690629672413,0.3832
2026-03-27,1774639800,-5,down,0.6,16.666666,0.6868411026934169,0.3832
2026-03-27,1774643400,-6,down,0.49,1.1,0.7180545165178633,0.49250698
2026-03-27,1774649700,-6,up,0.82,3.15,0.9832451733622448,0.169668
2026-03-28,1774669500,-5,up,0.83,10.0,0.9536760215743725,0.16012302
2026-03-28,1774673100,-4,down,0.89,1.64,0.9771739679663236,0.103147015
2026-03-28,1774675800,-5,down,0.84000003,11.904761,0.9112511473928173,0.15059197
2026-03-28,1774676700,-6,up,0.79,8.6,0.9999840868453496,0.19838698
2026-03-28,1774689300,-5,up,0.6,16.666666,0.9999999996637374,0.3832
2026-03-28,1774697400,-6,down,0.65999997,10.0,0.8901491707363758,0.32429203
2026-03-28,1774717200,-6,down,0.74,13.513514,0.9216728043091535,0.246532
2026-03-28,1774729800,-3,down,0.599,16.694492,0.9999999275826608,0.3841861
2026-03-28,1774730700,-5,up,0.66,15.151515,1.0,0.32429197
2026-03-28,1774733400,-6,up,0.6,11.23,0.9999937594423415,0.3832
2026-03-28,1774739700,-6,up,0.56,17.857143,0.8393903734951449,-0.577248
2026-03-28,1774740600,-5,down,0.64,15.625,0.9907413215089915,0.343872
2026-03-28,1774741500,-6,down,0.8,12.5,0.9954821939883565,0.18879999
2026-03-29,1774746900,-5,down,0.55,15.0,0.6676579037765618,0.432675
2026-03-29,1774758600,-6,down,0.87,11.494253,0.9999999995267153,0.12208299
2026-03-29,1774771200,-6,down,0.82,12.195122,0.9999955929338178,0.169668
2026-03-29,1774786500,-5,up,0.84,6.67,0.9999999999999982,0.15059203
2026-03-29,1774796400,-6,down,0.89,11.235955,0.9992421053047855,-0.89685297
2026-03-29,1774808100,-6,down,0.86,1.12,0.9669727187773784,0.131572
2026-03-29,1774809900,-6,down,0.85,11.764706,0.9954637404729509,0.14107499
2026-03-29,1774810800,-6,up,0.58,12.0,0.985231832509546,0.40294802
2026-03-29,1774811700,-6,down,0.65999997,15.151516,0.9999999999999997,0.32429203
2026-03-29,1774819800,-5,down,0.90999997,10.989012,0.9986560793776006,0.084267035
2026-03-29,1774827000,-6,up,0.79,12.658228,0.9344964533951899,0.19838698
2026-03-30,1774834200,-6,up,0.94,10.638298,0.9976834011092465,0.056052003
2026-03-30,1774835100,-6,down,0.65999997,15.151516,0.9995904803372874,0.32429203
2026-03-30,1774842300,-6,down,0.7,14.285714,0.9999999999979968,0.28530002
2026-03-30,1774845000,-6,down,0.79,7.0,0.9999984252257281,0.19838698
2026-03-30,1774855800,-6,down,0.68,14.705882,0.9320497351295526,0.304768
2026-03-30,1774866600,-6,up,0.87,11.494253,0.9854749016435389,0.12208299
2026-03-30,1774875600,-6,up,0.86,8.81,0.9980251180063768,0.131572
2026-03-30,1774893600,-5,up,0.57,5.5,0.6778784616419813,-0.587157
2026-03-30,1774902600,-6,up,0.84,11.904762,0.9998744506864616,0.15059203
2026-03-30,1774903500,-5,down,0.82,12.195122,0.9986727022804969,0.169668
2026-03-31,1774938600,-6,up,0.61,14.37,0.9998359180393046,0.37334698
2026-03-31,1774944000,-6,down,0.84000003,6.31,0.9803550620311716,0.15059197
